0,product-academic-yelp,6.369,14.784,95.197,22.719,0.825-0.839-0.698,0.854-0.832-0.619
1,product-academic-yelp,5.570,15.058,101.163,26.295,0.704-0.818-0.711,0.77-0.785-0.698
2,product-academic-yelp,6.213,14.230,102.861,28.793,0.68-0.839-0.598,0.733-0.837-0.554
3,product-academic-yelp,4.916,13.856,103.492,29.766,0.723-0.844-0.674,0.819-0.864-0.679
4,product-academic-yelp,6.316,13.675,103.842,31.121,0.719-0.851-0.607,0.722-0.841-0.527
5,product-academic-yelp,5.448,13.566,103.043,31.582,0.774-0.841-0.584,0.847-0.846-0.563
6,product-academic-yelp,5.396,13.460,101.613,30.662,0.719-0.849-0.595,0.782-0.855-0.572
7,product-academic-yelp,5.383,13.377,99.674,30.548,0.643-0.812-0.624,0.714-0.85-0.606
8,product-academic-yelp,4.872,13.358,97.461,29.577,0.802-0.833-0.703,0.84-0.842-0.719
9,product-academic-yelp,4.749,13.298,95.830,29.551,0.731-0.845-0.672,0.771-0.863-0.63
10,product-academic-yelp,4.809,13.248,94.183,29.131,0.754-0.861-0.621,0.78-0.894-0.585
11,product-academic-yelp,4.539,13.278,94.970,26.510,0.662-0.83-0.617,0.789-0.851-0.596
12,product-academic-yelp,4.750,13.162,92.742,28.790,0.69-0.827-0.564,0.76-0.823-0.601
13,product-academic-yelp,4.820,13.167,90.642,27.804,0.598-0.832-0.707,0.628-0.834-0.614
14,product-academic-yelp,4.748,13.038,88.758,26.943,0.673-0.831-0.676,0.686-0.813-0.644
15,product-academic-yelp,4.702,12.973,86.889,26.607,0.704-0.835-0.628,0.717-0.838-0.565
16,product-academic-yelp,4.550,13.018,85.183,24.687,0.711-0.859-0.66,0.674-0.833-0.572
17,product-academic-yelp,4.297,13.015,83.409,25.513,0.691-0.826-0.601,0.774-0.816-0.595
18,product-academic-yelp,4.785,12.921,81.454,24.932,0.723-0.847-0.639,0.712-0.804-0.467
19,product-academic-yelp,4.293,12.897,79.664,24.321,0.716-0.844-0.632,0.798-0.858-0.635
20,product-academic-yelp,4.161,13.001,77.817,23.619,0.792-0.84-0.647,0.87-0.833-0.678
21,product-academic-yelp,4.402,12.790,75.902,23.393,0.703-0.865-0.662,0.734-0.852-0.607
22,product-academic-yelp,4.095,12.744,74.305,22.716,0.773-0.862-0.657,0.823-0.858-0.621
23,product-academic-yelp,4.219,12.706,72.755,22.391,0.704-0.835-0.72,0.748-0.807-0.602
24,product-academic-yelp,4.052,12.728,70.986,21.636,0.757-0.854-0.658,0.794-0.848-0.637
25,product-academic-yelp,4.204,12.640,69.362,21.073,0.706-0.847-0.661,0.754-0.801-0.561
26,product-academic-yelp,4.078,12.681,67.679,20.646,0.716-0.851-0.631,0.754-0.821-0.584
27,product-academic-yelp,4.091,12.578,66.254,20.064,0.689-0.856-0.582,0.696-0.812-0.556
28,product-academic-yelp,3.985,12.559,64.460,19.713,0.724-0.877-0.661,0.761-0.847-0.512
29,product-academic-yelp,3.988,12.583,63.036,19.422,0.71-0.833-0.627,0.773-0.821-0.65
30,product-academic-yelp,4.140,12.463,61.481,19.007,0.766-0.841-0.705,0.788-0.815-0.6
31,product-academic-yelp,4.105,12.475,59.579,18.233,0.715-0.793-0.652,0.762-0.752-0.571
32,product-academic-yelp,4.017,12.383,58.145,17.639,0.763-0.861-0.628,0.83-0.839-0.541
33,product-academic-yelp,3.762,12.492,56.860,17.144,0.768-0.861-0.606,0.917-0.886-0.845
34,product-academic-yelp,3.804,12.426,55.566,16.422,0.69-0.865-0.716,0.892-0.887-0.859
35,product-academic-yelp,4.004,12.397,53.886,16.713,0.774-0.823-0.623,0.844-0.79-0.543
36,product-academic-yelp,3.856,12.377,52.883,16.018,0.733-0.851-0.675,0.867-0.863-0.799
37,product-academic-yelp,3.895,12.368,51.758,14.748,0.654-0.852-0.629,0.855-0.883-0.747
38,product-academic-yelp,3.942,12.374,50.293,15.063,0.681-0.799-0.649,0.815-0.812-0.721
39,product-academic-yelp,3.778,12.417,49.015,14.771,0.745-0.845-0.647,0.898-0.897-0.778
40,product-academic-yelp,3.741,12.275,47.835,14.434,0.737-0.839-0.706,0.937-0.9-0.819
41,product-academic-yelp,3.574,12.222,46.733,14.200,0.906-0.9-0.667,0.967-0.936-0.79
42,product-academic-yelp,3.809,12.382,45.415,13.400,0.723-0.836-0.639,0.914-0.888-0.819
43,product-academic-yelp,3.811,12.232,44.167,13.280,0.753-0.844-0.595,0.905-0.882-0.808
44,product-academic-yelp,3.825,12.301,43.387,12.880,0.741-0.856-0.662,0.845-0.92-0.808
45,product-academic-yelp,3.742,12.200,42.314,12.345,0.704-0.84-0.649,0.922-0.873-0.873
46,product-academic-yelp,3.768,12.249,41.740,12.264,0.764-0.852-0.678,0.898-0.91-0.781
47,product-academic-yelp,3.680,12.229,41.156,11.537,0.739-0.909-0.655,0.935-0.938-0.848
48,product-academic-yelp,3.734,12.253,40.733,10.855,0.77-0.85-0.562,0.925-0.908-0.776
49,product-academic-yelp,3.769,12.347,39.435,10.414,0.76-0.841-0.593,0.893-0.896-0.827
50,product-academic-yelp,3.878,12.132,38.123,9.372,0.736-0.85-0.593,0.904-0.911-0.767
51,product-academic-yelp,3.742,12.214,38.343,9.818,0.788-0.88-0.576,0.938-0.897-0.845
52,product-academic-yelp,3.713,12.196,37.558,9.751,0.724-0.85-0.653,0.897-0.925-0.867
53,product-academic-yelp,3.789,12.296,36.895,9.481,0.741-0.833-0.662,0.902-0.88-0.844
54,product-academic-yelp,3.808,12.203,35.811,9.132,0.755-0.861-0.63,0.935-0.921-0.796
55,product-academic-yelp,3.813,12.088,35.674,9.297,0.505-0.834-0.644,0.891-0.889-0.821
56,product-academic-yelp,3.729,12.261,34.863,8.769,0.759-0.862-0.601,0.935-0.91-0.844
57,product-academic-yelp,3.755,12.196,34.706,8.866,0.816-0.868-0.686,0.942-0.899-0.834
58,product-academic-yelp,3.790,12.085,34.027,8.757,0.764-0.838-0.716,0.918-0.884-0.787
59,product-academic-yelp,3.746,12.197,33.283,8.513,0.723-0.858-0.689,0.937-0.902-0.854
60,product-academic-yelp,3.815,12.197,32.843,8.428,0.752-0.836-0.545,0.88-0.898-0.772
61,product-academic-yelp,3.827,12.142,32.205,8.192,0.691-0.833-0.696,0.891-0.897-0.829
62,product-academic-yelp,3.621,12.026,31.679,8.351,0.86-0.815-0.659,0.958-0.895-0.805
63,product-academic-yelp,3.733,12.135,30.916,7.832,0.726-0.893-0.619,0.923-0.928-0.852
64,product-academic-yelp,3.757,12.035,30.192,7.746,0.73-0.823-0.652,0.926-0.904-0.843
65,product-academic-yelp,3.782,12.037,30.208,7.782,0.771-0.842-0.627,0.925-0.895-0.779
66,product-academic-yelp,3.773,12.057,29.859,7.711,0.718-0.84-0.545,0.904-0.915-0.847
67,product-academic-yelp,3.763,11.990,29.332,7.580,0.769-0.811-0.663,0.93-0.871-0.801
68,product-academic-yelp,3.850,12.148,28.324,7.177,0.748-0.786-0.688,0.888-0.876-0.839
69,product-academic-yelp,3.721,12.058,28.393,7.362,0.776-0.827-0.646,0.924-0.889-0.819
70,product-academic-yelp,3.698,12.095,28.088,7.299,0.802-0.825-0.696,0.924-0.897-0.844
71,product-academic-yelp,3.784,12.072,27.185,7.137,0.717-0.851-0.645,0.911-0.862-0.869
72,product-academic-yelp,3.740,12.073,26.609,6.848,0.711-0.818-0.626,0.895-0.918-0.828
73,product-academic-yelp,3.686,11.980,26.153,6.802,0.755-0.888-0.623,0.914-0.924-0.864
74,product-academic-yelp,3.752,12.151,26.155,6.877,0.71-0.855-0.602,0.893-0.916-0.826
75,product-academic-yelp,3.755,12.103,25.026,6.478,0.783-0.841-0.559,0.933-0.901-0.892
76,product-academic-yelp,3.584,11.997,24.891,6.649,0.823-0.872-0.613,0.951-0.947-0.829
77,product-academic-yelp,3.735,12.049,24.378,6.400,0.734-0.896-0.703,0.913-0.922-0.82
78,product-academic-yelp,3.593,11.957,23.777,6.345,0.869-0.839-0.644,0.96-0.924-0.843
79,product-academic-yelp,3.679,12.000,23.457,6.236,0.761-0.882-0.649,0.931-0.922-0.854
80,product-academic-yelp,3.657,12.013,22.809,6.066,0.721-0.856-0.613,0.934-0.937-0.821
81,product-academic-yelp,3.701,11.975,22.610,6.056,0.839-0.838-0.571,0.957-0.917-0.841
82,product-academic-yelp,3.611,12.001,22.229,5.950,0.757-0.873-0.746,0.937-0.919-0.876
83,product-academic-yelp,3.707,12.044,21.702,5.811,0.787-0.84-0.691,0.945-0.916-0.827
84,product-academic-yelp,3.688,11.973,21.308,5.749,0.794-0.88-0.642,0.944-0.925-0.864
85,product-academic-yelp,3.620,12.045,20.931,5.609,0.764-0.872-0.701,0.942-0.932-0.898
86,product-academic-yelp,3.772,12.025,20.622,5.581,0.726-0.811-0.598,0.928-0.886-0.852
87,product-academic-yelp,3.675,11.980,20.117,5.274,0.791-0.846-0.649,0.949-0.929-0.849
88,product-academic-yelp,3.709,12.127,19.805,5.223,0.744-0.841-0.645,0.941-0.913-0.836
89,product-academic-yelp,3.707,12.084,19.705,5.237,0.752-0.854-0.683,0.953-0.915-0.85
90,product-academic-yelp,3.747,12.137,18.980,5.022,0.736-0.858-0.66,0.938-0.899-0.857
91,product-academic-yelp,3.698,11.972,18.536,4.979,0.741-0.862-0.575,0.949-0.935-0.886
92,product-academic-yelp,3.634,11.974,18.222,4.716,0.724-0.855-0.642,0.915-0.924-0.876
93,product-academic-yelp,3.563,12.026,18.103,4.803,0.821-0.828-0.68,0.961-0.923-0.868
94,product-academic-yelp,3.538,11.930,17.580,4.599,0.795-0.907-0.677,0.956-0.952-0.866
95,product-academic-yelp,3.620,11.891,17.245,4.584,0.821-0.833-0.606,0.967-0.923-0.883
96,product-academic-yelp,3.722,11.849,17.147,4.378,0.816-0.852-0.696,0.957-0.904-0.889
97,product-academic-yelp,3.478,12.040,16.562,4.284,0.868-0.877-0.581,0.973-0.938-0.872
98,product-academic-yelp,3.656,11.950,16.355,4.250,0.798-0.859-0.554,0.961-0.914-0.86
99,product-academic-yelp,3.588,11.943,15.782,3.948,0.745-0.855-0.604,0.95-0.946-0.867
100,product-academic-yelp,3.749,11.963,15.648,3.940,0.781-0.846-0.639,0.952-0.906-0.874
101,product-academic-yelp,3.601,12.143,15.341,3.808,0.757-0.888-0.658,0.956-0.946-0.87
102,product-academic-yelp,3.572,11.966,15.082,3.813,0.756-0.875-0.684,0.954-0.942-0.888
103,product-academic-yelp,3.798,11.934,14.760,3.640,0.771-0.835-0.608,0.959-0.906-0.876
104,product-academic-yelp,3.672,12.004,14.484,3.575,0.762-0.834-0.602,0.955-0.925-0.868
105,product-academic-yelp,3.504,12.008,14.650,3.856,0.843-0.822-0.684,0.967-0.919-0.9
106,product-academic-yelp,3.740,11.975,13.924,3.442,0.73-0.844-0.599,0.939-0.934-0.849
107,product-academic-yelp,3.511,11.845,13.797,3.631,0.793-0.888-0.697,0.945-0.95-0.904
108,product-academic-yelp,3.869,12.014,13.358,3.256,0.453-0.835-0.563,0.865-0.902-0.863
109,product-academic-yelp,3.628,11.946,13.069,3.190,0.717-0.851-0.609,0.941-0.954-0.869
110,product-academic-yelp,3.729,11.966,12.717,3.148,0.773-0.881-0.68,0.948-0.939-0.862
111,product-academic-yelp,3.641,11.895,12.654,3.283,0.768-0.889-0.688,0.95-0.937-0.882
112,product-academic-yelp,3.392,11.990,12.497,3.164,0.776-0.901-0.644,0.969-0.963-0.915
113,product-academic-yelp,3.583,11.964,12.239,3.004,0.811-0.841-0.631,0.962-0.932-0.878
114,product-academic-yelp,3.759,11.867,11.880,2.809,0.803-0.857-0.618,0.953-0.932-0.881
115,product-academic-yelp,3.769,11.945,11.545,2.782,0.786-0.804-0.634,0.957-0.911-0.875
116,product-academic-yelp,3.533,11.994,11.394,2.759,0.788-0.857-0.603,0.96-0.952-0.874
117,product-academic-yelp,3.639,11.967,11.233,2.734,0.77-0.865-0.589,0.954-0.931-0.886
118,product-academic-yelp,3.504,11.924,11.097,2.656,0.813-0.858-0.61,0.975-0.949-0.92
119,product-academic-yelp,3.488,11.953,11.054,2.821,0.838-0.869-0.562,0.967-0.94-0.876
120,product-academic-yelp,3.731,12.040,10.751,2.675,0.751-0.805-0.565,0.951-0.928-0.845
121,product-academic-yelp,3.506,12.007,10.970,2.920,0.833-0.887-0.635,0.952-0.959-0.911
122,product-academic-yelp,3.795,11.926,10.239,2.478,0.706-0.85-0.571,0.97-0.926-0.878
123,product-academic-yelp,3.505,11.999,10.258,2.542,0.749-0.867-0.578,0.952-0.959-0.902
124,product-academic-yelp,3.797,11.993,9.901,2.418,0.776-0.843-0.602,0.97-0.93-0.896
125,product-academic-yelp,3.793,11.855,9.791,2.394,0.662-0.868-0.599,0.93-0.936-0.911
126,product-academic-yelp,3.751,11.896,9.592,2.347,0.798-0.8-0.61,0.97-0.925-0.884
127,product-academic-yelp,3.473,11.943,9.748,2.648,0.737-0.866-0.595,0.95-0.945-0.916
128,product-academic-yelp,3.735,11.927,9.262,2.484,0.777-0.851-0.608,0.962-0.94-0.881
129,product-academic-yelp,3.648,11.849,9.244,2.364,0.77-0.811-0.605,0.962-0.937-0.894
130,product-academic-yelp,3.785,11.936,9.061,2.292,0.79-0.862-0.606,0.959-0.928-0.902
131,product-academic-yelp,3.858,11.962,8.935,2.286,0.754-0.842-0.503,0.924-0.862-0.695
132,product-academic-yelp,3.564,11.934,8.885,2.309,0.819-0.861-0.535,0.96-0.941-0.875
133,product-academic-yelp,3.488,11.886,8.531,2.143,0.778-0.856-0.558,0.965-0.953-0.894
134,product-academic-yelp,3.706,11.969,8.432,2.100,0.801-0.828-0.612,0.961-0.916-0.854
135,product-academic-yelp,3.796,12.004,8.241,2.094,0.733-0.843-0.586,0.94-0.914-0.842
136,product-academic-yelp,3.820,11.945,8.481,2.255,0.785-0.834-0.465,0.942-0.936-0.819
137,product-academic-yelp,3.791,11.944,8.196,2.032,0.756-0.855-0.58,0.948-0.926-0.825
138,product-academic-yelp,3.552,11.922,8.179,2.136,0.743-0.833-0.665,0.949-0.929-0.917
139,product-academic-yelp,3.427,11.833,8.065,2.031,0.77-0.802-0.556,0.959-0.951-0.926
140,product-academic-yelp,3.529,11.871,7.927,2.010,0.763-0.825-0.656,0.948-0.949-0.91
141,product-academic-yelp,3.463,11.883,8.044,2.148,0.819-0.871-0.595,0.971-0.942-0.915
142,product-academic-yelp,3.649,11.928,7.706,1.941,0.729-0.826-0.65,0.944-0.933-0.905
143,product-academic-yelp,3.624,11.795,7.633,1.951,0.734-0.852-0.53,0.949-0.944-0.864
144,product-academic-yelp,3.398,12.006,7.757,2.006,0.785-0.861-0.566,0.972-0.96-0.91
145,product-academic-yelp,3.483,12.009,7.790,2.074,0.743-0.838-0.569,0.919-0.965-0.938
146,product-academic-yelp,3.598,12.024,7.526,1.947,0.78-0.811-0.552,0.958-0.931-0.878
147,product-academic-yelp,3.550,11.862,7.822,2.106,0.842-0.841-0.642,0.974-0.933-0.901
148,product-academic-yelp,3.547,11.903,7.387,1.881,0.729-0.842-0.596,0.945-0.949-0.903
149,product-academic-yelp,3.738,11.950,7.212,1.824,0.719-0.844-0.591,0.963-0.936-0.93
150,product-academic-yelp,3.641,11.865,7.222,1.862,0.759-0.81-0.632,0.961-0.939-0.892
151,product-academic-yelp,3.649,11.881,7.210,1.850,0.783-0.88-0.691,0.958-0.943-0.891
152,product-academic-yelp,3.758,11.883,7.025,1.794,0.621-0.859-0.565,0.893-0.946-0.833
153,product-academic-yelp,3.671,11.864,7.106,1.854,0.821-0.839-0.592,0.965-0.92-0.887
154,product-academic-yelp,3.580,11.884,7.219,1.930,0.828-0.864-0.56,0.971-0.946-0.886
155,product-academic-yelp,3.662,11.944,7.051,1.854,0.731-0.869-0.562,0.956-0.948-0.899
156,product-academic-yelp,3.541,11.821,6.878,1.799,0.82-0.875-0.624,0.97-0.942-0.905
157,product-academic-yelp,3.535,11.984,6.879,1.798,0.79-0.853-0.644,0.958-0.945-0.906
158,product-academic-yelp,3.482,11.840,6.805,1.779,0.75-0.874-0.591,0.957-0.957-0.909
159,product-academic-yelp,3.344,11.918,7.002,1.875,0.802-0.837-0.569,0.972-0.959-0.931
160,product-academic-yelp,3.548,11.828,6.825,1.857,0.795-0.819-0.609,0.966-0.94-0.922
161,product-academic-yelp,3.816,11.855,6.618,1.724,0.717-0.844-0.573,0.929-0.924-0.85
162,product-academic-yelp,3.729,11.819,6.784,1.818,0.805-0.849-0.621,0.966-0.947-0.895
163,product-academic-yelp,3.423,11.858,6.613,1.753,0.793-0.863-0.628,0.971-0.955-0.928
164,product-academic-yelp,3.733,11.834,6.559,1.779,0.749-0.856-0.599,0.966-0.943-0.891
165,product-academic-yelp,3.745,11.815,6.600,1.842,0.774-0.829-0.565,0.954-0.92-0.89
166,product-academic-yelp,3.701,11.997,6.476,1.745,0.766-0.801-0.554,0.963-0.936-0.89
167,product-academic-yelp,3.650,11.794,6.628,1.839,0.792-0.869-0.609,0.967-0.939-0.89
168,product-academic-yelp,3.714,11.895,6.745,1.907,0.738-0.868-0.583,0.938-0.942-0.853
169,product-academic-yelp,3.531,11.900,6.566,1.810,0.739-0.813-0.566,0.949-0.947-0.907
170,product-academic-yelp,3.438,11.912,6.481,1.798,0.827-0.806-0.537,0.972-0.942-0.911
171,product-academic-yelp,3.386,11.792,6.527,1.848,0.824-0.866-0.612,0.979-0.96-0.935
172,product-academic-yelp,3.350,11.945,6.365,1.749,0.779-0.855-0.565,0.972-0.963-0.951
173,product-academic-yelp,3.573,11.843,6.762,2.119,0.82-0.842-0.535,0.964-0.948-0.897
174,product-academic-yelp,3.697,11.855,6.289,1.706,0.746-0.864-0.62,0.95-0.941-0.869
175,product-academic-yelp,3.568,11.869,6.438,1.840,0.737-0.894-0.631,0.964-0.964-0.92
176,product-academic-yelp,3.731,11.812,6.319,1.758,0.801-0.837-0.643,0.961-0.93-0.891
177,product-academic-yelp,3.694,11.818,6.358,1.779,0.781-0.869-0.635,0.963-0.939-0.895
178,product-academic-yelp,3.477,11.838,6.247,1.723,0.801-0.844-0.602,0.973-0.948-0.922
179,product-academic-yelp,3.595,11.788,6.161,1.686,0.724-0.833-0.522,0.961-0.953-0.925
180,product-academic-yelp,3.434,11.828,6.327,1.806,0.756-0.817-0.549,0.963-0.953-0.926
181,product-academic-yelp,3.764,11.802,6.114,1.666,0.704-0.85-0.595,0.948-0.941-0.879
182,product-academic-yelp,3.498,11.810,6.151,1.702,0.775-0.813-0.602,0.967-0.959-0.935
183,product-academic-yelp,3.527,11.837,6.222,1.771,0.786-0.837-0.499,0.968-0.952-0.9
184,product-academic-yelp,3.722,11.764,6.160,1.795,0.678-0.811-0.588,0.944-0.948-0.913
185,product-academic-yelp,3.737,11.754,6.017,1.689,0.709-0.824-0.625,0.94-0.945-0.886
186,product-academic-yelp,3.447,11.900,6.047,1.688,0.795-0.851-0.562,0.971-0.96-0.932
187,product-academic-yelp,3.415,11.745,7.720,2.739,0.904-0.849-0.545,0.968-0.954-0.905
188,product-academic-yelp,3.543,11.808,6.099,1.761,0.773-0.844-0.538,0.964-0.952-0.904
189,product-academic-yelp,3.684,11.768,5.957,1.673,0.66-0.816-0.53,0.945-0.946-0.893
190,product-academic-yelp,3.685,11.839,6.064,1.718,0.77-0.854-0.628,0.964-0.935-0.907
191,product-academic-yelp,3.466,11.908,6.113,1.728,0.814-0.846-0.569,0.975-0.964-0.932
192,product-academic-yelp,3.649,11.757,6.122,1.795,0.712-0.834-0.556,0.952-0.942-0.868
193,product-academic-yelp,3.662,11.893,6.252,1.845,0.658-0.847-0.644,0.887-0.959-0.932
194,product-academic-yelp,3.728,11.919,5.921,1.607,0.581-0.85-0.555,0.909-0.95-0.893
195,product-academic-yelp,3.500,11.883,5.859,1.645,0.743-0.847-0.591,0.963-0.95-0.933
196,product-academic-yelp,3.725,11.854,5.883,1.674,0.721-0.785-0.564,0.944-0.945-0.879
197,product-academic-yelp,3.461,11.791,6.024,1.691,0.793-0.86-0.543,0.959-0.962-0.924
198,product-academic-yelp,3.583,11.825,5.737,1.548,0.709-0.851-0.555,0.95-0.956-0.922
199,product-academic-yelp,3.439,11.905,6.092,1.734,0.777-0.814-0.569,0.963-0.956-0.935
200,product-academic-yelp,3.473,11.889,5.784,1.606,0.748-0.831-0.521,0.954-0.96-0.924
201,product-academic-yelp,3.511,11.958,5.856,1.646,0.766-0.835-0.526,0.96-0.954-0.929
202,product-academic-yelp,3.326,11.806,5.895,1.679,0.796-0.828-0.547,0.978-0.965-0.942
203,product-academic-yelp,3.518,11.773,5.884,1.628,0.768-0.809-0.549,0.961-0.95-0.914
204,product-academic-yelp,3.376,11.787,5.787,1.652,0.79-0.848-0.572,0.973-0.964-0.943
205,product-academic-yelp,3.481,11.943,5.811,1.642,0.727-0.81-0.521,0.97-0.958-0.928
206,product-academic-yelp,3.459,11.846,5.937,1.673,0.741-0.809-0.559,0.977-0.961-0.927
207,product-academic-yelp,3.412,11.718,5.748,1.544,0.757-0.806-0.535,0.965-0.971-0.942
208,product-academic-yelp,3.348,11.744,5.805,1.638,0.788-0.811-0.563,0.967-0.963-0.942
209,product-academic-yelp,3.440,11.878,5.652,1.571,0.753-0.826-0.525,0.965-0.957-0.951
210,product-academic-yelp,3.585,11.812,5.689,1.550,0.719-0.849-0.5,0.952-0.952-0.915
211,product-academic-yelp,3.508,11.796,6.539,2.133,0.741-0.86-0.487,0.943-0.959-0.92
212,product-academic-yelp,3.590,11.811,5.674,1.519,0.751-0.809-0.595,0.963-0.956-0.918
213,product-academic-yelp,3.516,11.823,7.172,2.419,0.843-0.808-0.522,0.961-0.942-0.889
214,product-academic-yelp,3.464,11.692,5.733,1.606,0.767-0.832-0.574,0.965-0.958-0.915
215,product-academic-yelp,3.479,11.759,5.704,1.628,0.781-0.813-0.597,0.957-0.957-0.929
216,product-academic-yelp,3.502,11.842,5.697,1.648,0.782-0.805-0.566,0.963-0.958-0.912
217,product-academic-yelp,3.672,11.823,6.141,1.931,0.817-0.843-0.521,0.953-0.951-0.89
218,product-academic-yelp,3.411,11.854,5.861,1.730,0.792-0.832-0.593,0.97-0.962-0.928
219,product-academic-yelp,3.451,11.739,5.684,1.601,0.791-0.835-0.507,0.972-0.957-0.934
220,product-academic-yelp,3.589,11.713,5.608,1.552,0.779-0.809-0.55,0.955-0.952-0.915
221,product-academic-yelp,3.406,11.852,5.623,1.581,0.782-0.827-0.528,0.974-0.964-0.945
222,product-academic-yelp,3.353,11.837,5.593,1.550,0.796-0.831-0.592,0.979-0.964-0.944
223,product-academic-yelp,3.353,11.880,5.635,1.611,0.79-0.822-0.56,0.978-0.963-0.946
224,product-academic-yelp,3.305,11.807,5.690,1.645,0.788-0.827-0.576,0.978-0.963-0.943
225,product-academic-yelp,3.484,11.766,5.604,1.596,0.65-0.809-0.459,0.958-0.969-0.933
226,product-academic-yelp,3.527,11.735,5.502,1.549,0.727-0.833-0.54,0.962-0.953-0.934
227,product-academic-yelp,3.271,11.894,5.652,1.648,0.752-0.848-0.54,0.973-0.974-0.946
228,product-academic-yelp,3.368,11.798,5.625,1.601,0.781-0.851-0.618,0.961-0.971-0.947
229,product-academic-yelp,3.423,11.852,5.633,1.637,0.793-0.846-0.581,0.974-0.962-0.939
230,product-academic-yelp,3.394,11.760,5.607,1.595,0.835-0.876-0.563,0.974-0.962-0.935
231,product-academic-yelp,3.465,11.784,5.457,1.524,0.731-0.853-0.585,0.966-0.954-0.946
232,product-academic-yelp,3.350,11.747,5.578,1.592,0.782-0.804-0.592,0.973-0.962-0.948
233,product-academic-yelp,3.331,11.823,5.524,1.566,0.782-0.831-0.584,0.974-0.971-0.947
234,product-academic-yelp,3.536,11.843,5.551,1.576,0.776-0.864-0.574,0.96-0.956-0.921
235,product-academic-yelp,3.546,11.789,5.541,1.586,0.638-0.852-0.52,0.928-0.961-0.925
236,product-academic-yelp,3.550,11.881,5.481,1.673,0.736-0.836-0.569,0.964-0.967-0.925
237,product-academic-yelp,3.407,11.824,5.605,1.664,0.815-0.837-0.576,0.97-0.95-0.927
238,product-academic-yelp,3.409,11.844,5.501,1.621,0.792-0.852-0.48,0.966-0.963-0.939
239,product-academic-yelp,3.591,11.725,6.049,1.987,0.765-0.888-0.585,0.9-0.97-0.937
240,product-academic-yelp,3.293,11.754,5.570,1.556,0.782-0.838-0.539,0.975-0.967-0.95
241,product-academic-yelp,3.512,11.773,5.480,1.533,0.709-0.846-0.517,0.96-0.96-0.91
242,product-academic-yelp,3.342,11.752,5.524,1.607,0.83-0.843-0.56,0.978-0.968-0.949
243,product-academic-yelp,3.356,11.848,5.473,1.536,0.735-0.857-0.532,0.976-0.966-0.955
244,product-academic-yelp,3.402,11.775,5.544,1.610,0.713-0.837-0.513,0.971-0.956-0.955
245,product-academic-yelp,3.333,11.773,5.373,1.504,0.794-0.874-0.508,0.978-0.968-0.948
246,product-academic-yelp,3.639,11.772,5.422,1.557,0.72-0.849-0.49,0.955-0.955-0.888
247,product-academic-yelp,3.413,11.777,5.409,1.594,0.806-0.831-0.598,0.974-0.964-0.941
248,product-academic-yelp,3.328,11.744,5.425,1.538,0.792-0.816-0.496,0.978-0.968-0.949
249,product-academic-yelp,3.359,11.790,5.441,1.531,0.767-0.825-0.621,0.968-0.959-0.947
250,product-academic-yelp,3.465,11.667,5.383,1.518,0.672-0.83-0.467,0.956-0.967-0.938
251,product-academic-yelp,3.498,11.834,5.424,1.546,0.759-0.831-0.516,0.959-0.958-0.929
252,product-academic-yelp,3.394,11.820,5.366,1.511,0.78-0.808-0.572,0.976-0.958-0.949
253,product-academic-yelp,3.333,11.782,5.385,1.543,0.794-0.84-0.534,0.968-0.963-0.952
254,product-academic-yelp,3.264,11.787,5.370,1.521,0.84-0.811-0.519,0.983-0.97-0.953
255,product-academic-yelp,3.476,11.803,5.704,1.698,0.815-0.794-0.59,0.939-0.965-0.941
256,product-academic-yelp,3.456,11.760,5.392,1.516,0.712-0.824-0.554,0.961-0.961-0.939
257,product-academic-yelp,3.384,11.777,5.429,1.566,0.802-0.858-0.541,0.979-0.959-0.947
258,product-academic-yelp,3.340,11.750,5.300,1.496,0.779-0.802-0.489,0.974-0.963-0.953
259,product-academic-yelp,3.576,11.937,5.310,1.492,0.71-0.862-0.495,0.971-0.964-0.921
260,product-academic-yelp,3.366,11.817,5.350,1.522,0.815-0.837-0.545,0.974-0.961-0.949
261,product-academic-yelp,3.461,11.730,5.262,1.462,0.747-0.823-0.555,0.972-0.965-0.94
262,product-academic-yelp,3.404,11.780,5.237,1.464,0.732-0.806-0.562,0.97-0.961-0.941
263,product-academic-yelp,3.417,11.704,5.366,1.529,0.665-0.794-0.496,0.948-0.969-0.941
264,product-academic-yelp,3.361,11.845,5.318,1.488,0.789-0.86-0.55,0.969-0.96-0.952
265,product-academic-yelp,3.402,11.809,5.191,1.423,0.767-0.838-0.524,0.974-0.967-0.948
266,product-academic-yelp,3.357,11.856,5.383,1.528,0.725-0.849-0.536,0.963-0.967-0.946
267,product-academic-yelp,3.342,11.844,5.338,1.538,0.731-0.826-0.564,0.974-0.972-0.945
268,product-academic-yelp,3.276,11.737,5.404,1.560,0.799-0.832-0.577,0.977-0.969-0.946
269,product-academic-yelp,3.447,11.829,5.140,1.448,0.778-0.815-0.508,0.97-0.96-0.947
270,product-academic-yelp,3.356,11.793,5.281,1.517,0.697-0.8-0.509,0.973-0.973-0.949
271,product-academic-yelp,3.263,11.707,6.856,2.343,0.929-0.826-0.509,0.977-0.966-0.94
272,product-academic-yelp,3.341,11.692,5.305,1.544,0.816-0.818-0.58,0.978-0.961-0.943
273,product-academic-yelp,3.419,11.860,5.265,1.500,0.724-0.796-0.538,0.975-0.96-0.941
274,product-academic-yelp,3.384,11.791,5.236,1.501,0.774-0.801-0.465,0.978-0.96-0.949
275,product-academic-yelp,3.344,11.725,5.282,1.512,0.763-0.804-0.515,0.977-0.966-0.945
276,product-academic-yelp,3.290,11.801,5.284,1.528,0.808-0.813-0.552,0.984-0.967-0.951
277,product-academic-yelp,3.500,11.747,5.144,1.459,0.751-0.845-0.513,0.958-0.967-0.929
278,product-academic-yelp,3.492,11.801,5.185,1.502,0.596-0.825-0.475,0.943-0.966-0.926
279,product-academic-yelp,3.337,11.792,5.175,1.470,0.718-0.848-0.521,0.971-0.968-0.958
280,product-academic-yelp,3.409,11.733,5.109,1.481,0.807-0.862-0.66,0.968-0.965-0.951
281,product-academic-yelp,3.485,11.655,5.188,1.656,0.716-0.841-0.561,0.956-0.961-0.949
282,product-academic-yelp,3.365,11.848,5.069,1.476,0.825-0.844-0.534,0.977-0.965-0.945
283,product-academic-yelp,3.338,11.756,5.186,1.461,0.795-0.847-0.575,0.977-0.965-0.951
284,product-academic-yelp,3.373,11.711,5.057,1.441,0.778-0.772-0.489,0.983-0.966-0.95
285,product-academic-yelp,3.330,11.763,5.249,1.479,0.753-0.817-0.533,0.974-0.971-0.952
286,product-academic-yelp,3.266,11.765,5.349,1.556,0.782-0.829-0.504,0.979-0.969-0.948
287,product-academic-yelp,3.296,11.754,5.311,1.534,0.756-0.768-0.425,0.974-0.967-0.951
288,product-academic-yelp,3.235,11.718,5.331,1.520,0.835-0.83-0.497,0.982-0.971-0.948
289,product-academic-yelp,3.550,11.803,5.206,1.583,0.727-0.832-0.515,0.951-0.958-0.945
290,product-academic-yelp,3.274,11.726,5.259,1.502,0.762-0.846-0.54,0.968-0.973-0.954
291,product-academic-yelp,3.314,11.741,5.184,1.480,0.781-0.869-0.493,0.976-0.971-0.952
292,product-academic-yelp,3.339,11.868,5.183,1.498,0.799-0.822-0.534,0.981-0.965-0.948
293,product-academic-yelp,3.348,11.699,5.105,1.496,0.772-0.819-0.507,0.978-0.966-0.949
294,product-academic-yelp,3.404,11.802,5.159,1.474,0.752-0.825-0.513,0.973-0.976-0.945
295,product-academic-yelp,3.232,11.741,5.685,1.730,0.866-0.875-0.554,0.966-0.966-0.956
296,product-academic-yelp,3.477,11.774,5.040,1.421,0.742-0.816-0.552,0.97-0.962-0.934
297,product-academic-yelp,3.324,11.738,5.162,1.490,0.778-0.771-0.537,0.98-0.958-0.941
298,product-academic-yelp,3.251,11.692,5.216,1.516,0.832-0.844-0.493,0.98-0.967-0.95
299,product-academic-yelp,3.418,11.784,5.042,1.431,0.779-0.822-0.552,0.971-0.965-0.946
300,product-academic-yelp,3.363,11.828,5.057,1.425,0.791-0.818-0.535,0.978-0.967-0.956
301,product-academic-yelp,3.341,11.686,5.084,1.460,0.785-0.839-0.552,0.981-0.968-0.947
302,product-academic-yelp,3.419,11.678,5.162,1.473,0.664-0.844-0.565,0.976-0.964-0.949
303,product-academic-yelp,3.334,11.777,5.207,1.554,0.782-0.819-0.512,0.976-0.964-0.953
304,product-academic-yelp,3.385,11.763,4.997,1.410,0.749-0.85-0.551,0.977-0.965-0.939
305,product-academic-yelp,3.394,11.727,5.962,1.785,0.872-0.814-0.485,0.977-0.957-0.941
306,product-academic-yelp,3.380,11.775,4.978,1.413,0.758-0.837-0.516,0.973-0.962-0.949
307,product-academic-yelp,3.262,11.712,5.176,1.539,0.803-0.867-0.581,0.973-0.969-0.953
308,product-academic-yelp,3.434,11.759,5.132,1.472,0.752-0.843-0.471,0.97-0.962-0.933
309,product-academic-yelp,3.445,11.723,5.174,1.547,0.755-0.818-0.488,0.967-0.97-0.945
310,product-academic-yelp,3.344,11.758,5.114,1.572,0.71-0.828-0.477,0.973-0.971-0.951
311,product-academic-yelp,3.319,11.633,7.047,2.623,0.929-0.815-0.474,0.969-0.963-0.947
312,product-academic-yelp,3.460,11.753,4.902,1.390,0.678-0.85-0.478,0.96-0.957-0.944
313,product-academic-yelp,3.358,11.724,5.210,1.573,0.805-0.792-0.508,0.979-0.962-0.941
314,product-academic-yelp,3.461,11.694,4.997,1.472,0.771-0.852-0.516,0.972-0.962-0.926
315,product-academic-yelp,3.346,11.692,5.052,1.531,0.733-0.801-0.496,0.973-0.971-0.951
316,product-academic-yelp,3.378,11.731,5.106,1.545,0.764-0.796-0.51,0.974-0.965-0.941
317,product-academic-yelp,3.331,11.766,5.000,1.483,0.679-0.788-0.497,0.975-0.968-0.95
318,product-academic-yelp,3.429,11.771,4.890,1.425,0.727-0.804-0.443,0.98-0.961-0.956
319,product-academic-yelp,3.288,11.788,5.072,1.495,0.805-0.811-0.468,0.98-0.968-0.947
320,product-academic-yelp,3.343,11.706,4.969,1.457,0.826-0.827-0.583,0.977-0.968-0.946
321,product-academic-yelp,3.293,11.760,5.124,1.527,0.776-0.839-0.558,0.976-0.97-0.946
322,product-academic-yelp,3.475,11.829,4.895,1.418,0.756-0.841-0.529,0.972-0.966-0.934
323,product-academic-yelp,3.338,11.767,4.970,1.447,0.752-0.853-0.533,0.977-0.974-0.945
324,product-academic-yelp,3.370,11.689,4.971,1.422,0.739-0.828-0.503,0.974-0.95-0.955
325,product-academic-yelp,3.307,11.698,5.088,1.488,0.816-0.83-0.466,0.979-0.966-0.956
326,product-academic-yelp,3.345,11.794,5.194,1.533,0.761-0.793-0.467,0.977-0.965-0.957
327,product-academic-yelp,3.369,11.787,4.923,1.441,0.79-0.849-0.561,0.979-0.966-0.95
328,product-academic-yelp,3.378,11.627,4.979,1.482,0.787-0.841-0.488,0.98-0.979-0.949
329,product-academic-yelp,3.386,11.742,4.963,1.449,0.753-0.803-0.561,0.978-0.963-0.943
330,product-academic-yelp,3.353,11.719,4.983,1.468,0.759-0.782-0.51,0.975-0.959-0.953
331,product-academic-yelp,3.491,11.681,5.006,1.463,0.732-0.814-0.514,0.968-0.957-0.935
332,product-academic-yelp,3.304,11.690,4.948,1.460,0.803-0.849-0.564,0.98-0.978-0.95
333,product-academic-yelp,3.303,11.757,5.061,1.527,0.75-0.825-0.516,0.981-0.978-0.951
334,product-academic-yelp,3.347,11.712,4.939,1.492,0.777-0.829-0.534,0.978-0.96-0.952
335,product-academic-yelp,3.354,11.660,4.889,1.443,0.723-0.773-0.525,0.979-0.966-0.949
336,product-academic-yelp,3.344,11.891,5.037,1.537,0.848-0.803-0.524,0.983-0.964-0.95
337,product-academic-yelp,3.391,11.757,4.894,1.444,0.717-0.863-0.546,0.973-0.969-0.946
338,product-academic-yelp,3.326,11.738,4.845,1.404,0.798-0.806-0.53,0.981-0.968-0.948
339,product-academic-yelp,3.355,11.648,4.966,1.432,0.76-0.827-0.514,0.975-0.971-0.942
340,product-academic-yelp,3.382,11.748,5.022,1.480,0.767-0.816-0.555,0.979-0.964-0.951
341,product-academic-yelp,3.455,11.670,5.007,1.494,0.77-0.813-0.579,0.97-0.965-0.946
342,product-academic-yelp,3.312,11.722,5.045,1.534,0.718-0.878-0.605,0.972-0.982-0.947
343,product-academic-yelp,3.350,11.684,5.033,1.452,0.758-0.85-0.546,0.976-0.967-0.953
344,product-academic-yelp,3.375,11.830,4.883,1.429,0.788-0.829-0.527,0.977-0.958-0.953
345,product-academic-yelp,3.351,11.700,4.919,1.441,0.771-0.811-0.481,0.982-0.972-0.953
346,product-academic-yelp,3.469,11.845,4.785,1.399,0.76-0.787-0.547,0.967-0.965-0.946
347,product-academic-yelp,3.380,11.705,5.075,1.495,0.757-0.801-0.5,0.962-0.965-0.956
348,product-academic-yelp,3.301,11.638,5.273,1.628,0.722-0.816-0.553,0.96-0.96-0.952
349,product-academic-yelp,3.302,11.744,4.833,1.369,0.736-0.786-0.506,0.976-0.967-0.951
350,product-academic-yelp,3.383,11.742,4.790,1.367,0.787-0.823-0.537,0.975-0.967-0.938
351,product-academic-yelp,3.399,11.637,4.739,1.385,0.737-0.848-0.498,0.976-0.959-0.96
352,product-academic-yelp,3.332,11.739,4.872,1.396,0.799-0.813-0.502,0.982-0.965-0.95
353,product-academic-yelp,3.453,11.707,4.822,1.385,0.691-0.84-0.56,0.965-0.963-0.942
354,product-academic-yelp,3.345,11.706,4.911,1.448,0.787-0.857-0.527,0.968-0.97-0.956
355,product-academic-yelp,3.397,11.707,4.840,1.416,0.829-0.864-0.522,0.98-0.964-0.944
356,product-academic-yelp,3.260,11.662,4.959,1.444,0.785-0.809-0.497,0.976-0.975-0.948
357,product-academic-yelp,3.421,11.737,4.767,1.359,0.745-0.828-0.529,0.976-0.958-0.95
358,product-academic-yelp,3.366,11.688,4.818,1.380,0.772-0.883-0.518,0.976-0.969-0.953
359,product-academic-yelp,3.320,11.665,4.897,1.402,0.776-0.839-0.545,0.974-0.965-0.954
360,product-academic-yelp,3.322,11.764,5.043,1.480,0.824-0.804-0.551,0.978-0.966-0.943
361,product-academic-yelp,3.512,11.728,4.742,1.415,0.777-0.848-0.521,0.973-0.952-0.953
362,product-academic-yelp,3.295,11.836,4.831,1.417,0.84-0.813-0.515,0.982-0.957-0.953
363,product-academic-yelp,3.374,11.746,4.716,1.347,0.81-0.823-0.59,0.978-0.965-0.95
364,product-academic-yelp,3.231,11.728,6.334,2.239,0.942-0.809-0.57,0.976-0.969-0.948
365,product-academic-yelp,3.389,11.740,4.700,1.348,0.78-0.853-0.576,0.974-0.969-0.952
366,product-academic-yelp,3.403,11.730,4.718,1.381,0.687-0.831-0.55,0.972-0.96-0.949
367,product-academic-yelp,3.316,11.710,4.739,1.400,0.805-0.853-0.567,0.977-0.961-0.95
368,product-academic-yelp,3.397,11.742,4.697,1.341,0.75-0.84-0.541,0.971-0.967-0.954
369,product-academic-yelp,3.340,11.692,4.745,1.384,0.773-0.808-0.462,0.977-0.962-0.958
370,product-academic-yelp,3.356,11.637,4.707,1.372,0.77-0.834-0.507,0.981-0.967-0.95
371,product-academic-yelp,3.190,11.745,4.910,1.500,0.793-0.814-0.534,0.981-0.974-0.953
372,product-academic-yelp,3.295,11.730,4.742,1.437,0.788-0.871-0.564,0.976-0.978-0.953
373,product-academic-yelp,3.440,11.836,4.645,1.357,0.807-0.802-0.566,0.98-0.964-0.947
374,product-academic-yelp,3.344,11.741,4.890,1.451,0.788-0.763-0.534,0.977-0.969-0.945
375,product-academic-yelp,3.315,11.628,4.821,1.452,0.767-0.8-0.475,0.977-0.964-0.949
376,product-academic-yelp,3.456,11.731,4.727,1.447,0.747-0.815-0.557,0.968-0.969-0.951
377,product-academic-yelp,3.389,11.768,4.660,1.366,0.761-0.788-0.482,0.978-0.964-0.953
378,product-academic-yelp,3.342,11.718,4.801,1.416,0.74-0.812-0.463,0.97-0.964-0.953
