0,academic-yelp-reddit,20.300,15.247,105.274,25.031,0.831-0.68-0.714,0.795-0.579-0.671
1,academic-yelp-reddit,13.448,14.327,111.104,26.251,0.824-0.638-0.677,0.787-0.614-0.685
2,academic-yelp-reddit,22.739,13.712,117.213,29.266,0.823-0.642-0.737,0.779-0.534-0.665
3,academic-yelp-reddit,16.742,13.525,119.086,30.902,0.827-0.676-0.685,0.78-0.587-0.627
4,academic-yelp-reddit,14.434,13.379,119.153,31.225,0.821-0.696-0.692,0.77-0.615-0.697
5,academic-yelp-reddit,11.083,13.278,119.193,31.194,0.842-0.656-0.686,0.807-0.578-0.652
6,academic-yelp-reddit,11.498,13.271,118.970,30.974,0.845-0.656-0.656,0.793-0.56-0.696
7,academic-yelp-reddit,7.780,13.172,117.992,31.278,0.833-0.608-0.757,0.801-0.599-0.755
8,academic-yelp-reddit,7.293,13.129,116.278,30.213,0.851-0.668-0.681,0.831-0.639-0.711
9,academic-yelp-reddit,7.006,13.046,114.539,30.046,0.847-0.649-0.748,0.836-0.632-0.732
10,academic-yelp-reddit,8.145,12.969,112.617,28.791,0.828-0.647-0.673,0.815-0.66-0.675
11,academic-yelp-reddit,5.628,12.915,110.789,28.515,0.844-0.628-0.776,0.832-0.661-0.765
12,academic-yelp-reddit,6.222,12.967,108.999,27.712,0.85-0.674-0.7,0.819-0.635-0.731
13,academic-yelp-reddit,5.191,12.799,107.263,27.008,0.861-0.593-0.725,0.849-0.643-0.704
14,academic-yelp-reddit,5.338,12.756,105.550,26.583,0.839-0.653-0.749,0.828-0.686-0.776
15,academic-yelp-reddit,4.644,12.725,103.487,25.624,0.85-0.6-0.728,0.871-0.734-0.804
16,academic-yelp-reddit,4.920,12.729,101.993,25.399,0.835-0.618-0.759,0.822-0.68-0.754
17,academic-yelp-reddit,4.652,12.660,100.174,24.789,0.852-0.616-0.688,0.845-0.695-0.779
18,academic-yelp-reddit,4.399,12.603,98.221,23.881,0.791-0.612-0.709,0.796-0.745-0.832
19,academic-yelp-reddit,4.317,12.583,96.468,23.495,0.84-0.689-0.742,0.891-0.844-0.782
20,academic-yelp-reddit,4.407,12.583,94.652,22.859,0.834-0.627-0.691,0.851-0.753-0.786
21,academic-yelp-reddit,4.407,12.489,92.613,22.281,0.857-0.639-0.731,0.87-0.759-0.795
22,academic-yelp-reddit,4.067,12.422,90.889,21.854,0.845-0.665-0.734,0.876-0.819-0.839
23,academic-yelp-reddit,4.215,12.412,89.280,21.199,0.828-0.55-0.697,0.877-0.727-0.794
24,academic-yelp-reddit,3.939,12.353,87.519,20.456,0.849-0.662-0.675,0.89-0.843-0.766
25,academic-yelp-reddit,4.235,12.402,85.697,20.230,0.803-0.61-0.732,0.848-0.755-0.761
26,academic-yelp-reddit,4.304,12.309,84.067,19.906,0.851-0.7-0.77,0.871-0.752-0.795
27,academic-yelp-reddit,3.985,12.321,82.136,19.038,0.859-0.643-0.704,0.905-0.778-0.849
28,academic-yelp-reddit,3.973,12.277,80.639,18.786,0.855-0.644-0.704,0.898-0.805-0.806
29,academic-yelp-reddit,4.255,12.225,78.996,18.315,0.849-0.561-0.744,0.852-0.766-0.802
30,academic-yelp-reddit,4.215,12.271,77.584,17.552,0.85-0.651-0.671,0.881-0.768-0.741
31,academic-yelp-reddit,3.937,12.311,76.175,17.547,0.833-0.618-0.735,0.899-0.812-0.804
32,academic-yelp-reddit,4.107,12.209,74.604,16.759,0.867-0.641-0.704,0.875-0.723-0.734
33,academic-yelp-reddit,4.045,12.211,72.989,16.746,0.851-0.661-0.747,0.866-0.727-0.794
34,academic-yelp-reddit,4.202,12.209,71.332,16.176,0.847-0.601-0.738,0.843-0.69-0.807
35,academic-yelp-reddit,4.150,12.267,69.851,15.852,0.857-0.614-0.73,0.849-0.632-0.705
36,academic-yelp-reddit,4.007,12.184,68.406,15.397,0.854-0.66-0.729,0.851-0.685-0.749
37,academic-yelp-reddit,4.102,12.196,66.785,14.998,0.892-0.649-0.757,0.901-0.67-0.774
38,academic-yelp-reddit,3.965,12.162,65.698,14.432,0.855-0.555-0.673,0.878-0.765-0.759
39,academic-yelp-reddit,4.078,12.162,64.382,14.121,0.864-0.574-0.716,0.89-0.752-0.756
40,academic-yelp-reddit,4.099,12.208,63.811,13.764,0.823-0.662-0.712,0.817-0.701-0.735
41,academic-yelp-reddit,4.105,12.074,62.246,13.522,0.846-0.66-0.789,0.837-0.657-0.731
42,academic-yelp-reddit,4.037,12.076,60.987,13.148,0.821-0.628-0.69,0.798-0.691-0.71
43,academic-yelp-reddit,4.076,12.091,59.837,13.023,0.814-0.596-0.738,0.792-0.643-0.742
44,academic-yelp-reddit,4.107,12.065,58.492,12.809,0.829-0.654-0.744,0.815-0.649-0.687
45,academic-yelp-reddit,4.026,12.138,57.813,12.239,0.863-0.668-0.705,0.855-0.637-0.678
46,academic-yelp-reddit,4.083,12.123,56.865,11.986,0.802-0.668-0.717,0.808-0.65-0.749
47,academic-yelp-reddit,4.031,12.162,56.601,11.900,0.833-0.647-0.726,0.827-0.64-0.734
48,academic-yelp-reddit,4.080,12.031,57.523,11.635,0.854-0.62-0.67,0.832-0.62-0.772
49,academic-yelp-reddit,3.842,12.060,56.580,12.022,0.837-0.694-0.798,0.887-0.903-0.903
50,academic-yelp-reddit,3.873,12.124,55.784,11.641,0.833-0.582-0.73,0.871-0.857-0.888
51,academic-yelp-reddit,3.969,11.983,55.501,11.602,0.86-0.549-0.779,0.881-0.661-0.779
52,academic-yelp-reddit,3.914,12.044,55.276,11.282,0.834-0.62-0.676,0.886-0.773-0.802
53,academic-yelp-reddit,3.999,12.005,56.499,11.245,0.844-0.597-0.731,0.854-0.667-0.765
54,academic-yelp-reddit,3.981,12.035,55.968,11.485,0.861-0.608-0.711,0.846-0.731-0.774
55,academic-yelp-reddit,3.826,12.057,55.995,11.390,0.889-0.641-0.699,0.931-0.912-0.902
56,academic-yelp-reddit,4.025,11.952,55.597,11.294,0.798-0.604-0.668,0.794-0.644-0.708
57,academic-yelp-reddit,3.979,12.121,56.437,11.196,0.847-0.606-0.685,0.874-0.703-0.792
58,academic-yelp-reddit,3.795,11.984,56.432,11.216,0.863-0.668-0.713,0.91-0.912-0.922
59,academic-yelp-reddit,3.785,12.093,56.528,11.395,0.815-0.592-0.715,0.886-0.893-0.914
60,academic-yelp-reddit,3.871,11.985,55.504,11.231,0.849-0.58-0.753,0.891-0.868-0.894
61,academic-yelp-reddit,3.771,12.107,55.790,10.782,0.877-0.676-0.709,0.93-0.921-0.916
62,academic-yelp-reddit,3.877,11.964,55.099,10.951,0.87-0.599-0.684,0.895-0.824-0.829
63,academic-yelp-reddit,3.786,11.953,54.589,10.757,0.824-0.628-0.785,0.913-0.911-0.912
64,academic-yelp-reddit,3.764,11.987,54.231,10.542,0.798-0.551-0.702,0.903-0.915-0.931
65,academic-yelp-reddit,3.748,11.939,53.391,10.535,0.829-0.602-0.74,0.927-0.897-0.921
66,academic-yelp-reddit,3.805,12.043,52.892,10.637,0.847-0.599-0.766,0.885-0.904-0.912
67,academic-yelp-reddit,3.827,12.095,51.554,10.209,0.86-0.598-0.745,0.911-0.847-0.883
68,academic-yelp-reddit,3.758,11.956,50.893,9.956,0.854-0.608-0.713,0.912-0.908-0.905
69,academic-yelp-reddit,3.762,11.982,49.502,9.787,0.815-0.696-0.618,0.923-0.908-0.9
70,academic-yelp-reddit,3.776,11.957,48.458,9.532,0.856-0.574-0.747,0.908-0.901-0.911
71,academic-yelp-reddit,3.765,11.987,46.312,9.088,0.829-0.577-0.686,0.915-0.893-0.902
72,academic-yelp-reddit,3.773,11.969,45.814,8.842,0.82-0.56-0.69,0.92-0.89-0.893
73,academic-yelp-reddit,3.822,12.000,45.234,8.778,0.848-0.559-0.629,0.894-0.866-0.888
74,academic-yelp-reddit,3.789,11.917,44.136,8.785,0.84-0.62-0.728,0.905-0.895-0.889
75,academic-yelp-reddit,3.774,11.934,43.034,8.637,0.839-0.545-0.697,0.921-0.886-0.904
76,academic-yelp-reddit,3.806,11.995,42.018,8.253,0.854-0.662-0.696,0.913-0.867-0.882
77,academic-yelp-reddit,3.815,12.041,40.820,8.165,0.87-0.619-0.625,0.919-0.843-0.854
78,academic-yelp-reddit,3.778,11.998,39.698,8.003,0.808-0.55-0.734,0.931-0.886-0.876
79,academic-yelp-reddit,3.809,12.127,38.483,7.714,0.831-0.543-0.698,0.914-0.885-0.877
80,academic-yelp-reddit,3.833,11.910,37.330,7.459,0.834-0.556-0.706,0.912-0.847-0.866
81,academic-yelp-reddit,3.708,11.989,36.655,7.458,0.874-0.595-0.761,0.941-0.858-0.864
82,academic-yelp-reddit,3.782,11.939,35.661,7.078,0.849-0.518-0.689,0.925-0.862-0.862
83,academic-yelp-reddit,3.760,12.007,34.928,6.939,0.817-0.473-0.674,0.929-0.897-0.897
84,academic-yelp-reddit,3.743,12.045,34.113,6.850,0.833-0.613-0.746,0.938-0.833-0.888
85,academic-yelp-reddit,3.839,11.934,33.021,6.486,0.831-0.547-0.685,0.897-0.841-0.87
86,academic-yelp-reddit,3.744,11.863,32.133,6.427,0.803-0.575-0.689,0.928-0.851-0.897
87,academic-yelp-reddit,3.817,11.981,31.342,6.449,0.848-0.546-0.705,0.906-0.828-0.874
88,academic-yelp-reddit,3.816,12.017,30.715,6.012,0.844-0.593-0.685,0.911-0.88-0.882
89,academic-yelp-reddit,3.832,11.989,29.736,5.841,0.819-0.52-0.697,0.923-0.858-0.886
90,academic-yelp-reddit,3.783,11.972,29.290,5.878,0.822-0.53-0.716,0.914-0.878-0.881
91,academic-yelp-reddit,3.789,12.021,28.405,5.699,0.821-0.5-0.734,0.907-0.869-0.896
92,academic-yelp-reddit,3.743,12.011,27.649,5.522,0.817-0.539-0.725,0.932-0.851-0.85
93,academic-yelp-reddit,3.779,11.893,26.612,5.458,0.777-0.483-0.67,0.916-0.836-0.876
94,academic-yelp-reddit,3.806,12.028,25.984,5.182,0.822-0.509-0.666,0.927-0.852-0.875
95,academic-yelp-reddit,3.761,11.970,25.586,4.987,0.838-0.536-0.696,0.94-0.857-0.889
96,academic-yelp-reddit,3.650,11.931,24.930,5.106,0.831-0.533-0.73,0.931-0.891-0.905
97,academic-yelp-reddit,3.711,11.970,25.232,5.521,0.82-0.525-0.809,0.929-0.852-0.892
98,academic-yelp-reddit,3.765,11.962,24.162,4.793,0.854-0.491-0.683,0.939-0.865-0.905
99,academic-yelp-reddit,3.740,11.902,23.802,4.930,0.804-0.466-0.637,0.924-0.88-0.905
100,academic-yelp-reddit,3.663,12.009,23.426,4.832,0.842-0.511-0.815,0.934-0.857-0.926
101,academic-yelp-reddit,3.667,11.863,23.076,4.762,0.83-0.544-0.711,0.937-0.886-0.917
102,academic-yelp-reddit,3.611,12.026,22.430,4.684,0.859-0.578-0.751,0.957-0.897-0.895
103,academic-yelp-reddit,3.787,11.972,22.089,4.455,0.842-0.526-0.665,0.921-0.871-0.908
104,academic-yelp-reddit,3.668,11.952,21.416,5.029,0.85-0.479-0.699,0.95-0.865-0.911
105,academic-yelp-reddit,3.671,11.907,20.757,4.449,0.831-0.503-0.653,0.937-0.901-0.922
106,academic-yelp-reddit,3.709,11.870,20.598,4.405,0.814-0.501-0.737,0.934-0.878-0.911
107,academic-yelp-reddit,3.538,11.934,19.990,4.444,0.881-0.504-0.691,0.963-0.896-0.912
108,academic-yelp-reddit,3.568,11.881,19.259,4.141,0.799-0.526-0.723,0.948-0.92-0.925
109,academic-yelp-reddit,3.755,11.971,18.943,4.000,0.836-0.477-0.693,0.938-0.852-0.903
110,academic-yelp-reddit,3.767,11.878,18.711,3.985,0.797-0.508-0.63,0.937-0.859-0.911
111,academic-yelp-reddit,3.694,11.827,18.416,3.953,0.846-0.463-0.671,0.948-0.85-0.911
112,academic-yelp-reddit,3.592,11.835,18.404,3.936,0.82-0.52-0.679,0.955-0.892-0.933
113,academic-yelp-reddit,3.682,11.936,17.425,3.897,0.803-0.427-0.714,0.939-0.889-0.918
114,academic-yelp-reddit,3.567,11.918,17.436,3.921,0.838-0.481-0.662,0.953-0.919-0.921
115,academic-yelp-reddit,3.565,11.915,17.075,3.776,0.802-0.447-0.701,0.962-0.911-0.928
116,academic-yelp-reddit,3.578,11.815,16.644,3.606,0.816-0.528-0.678,0.948-0.908-0.935
117,academic-yelp-reddit,3.624,11.913,16.436,3.710,0.847-0.406-0.611,0.953-0.919-0.93
118,academic-yelp-reddit,3.481,11.853,16.627,4.066,0.837-0.526-0.778,0.96-0.933-0.916
119,academic-yelp-reddit,3.534,11.867,15.978,3.770,0.826-0.503-0.728,0.955-0.917-0.926
120,academic-yelp-reddit,3.623,11.923,15.730,3.588,0.824-0.432-0.657,0.949-0.912-0.942
121,academic-yelp-reddit,3.490,11.923,15.100,4.021,0.878-0.477-0.698,0.973-0.919-0.926
122,academic-yelp-reddit,3.689,11.862,14.709,3.399,0.83-0.466-0.669,0.945-0.897-0.918
123,academic-yelp-reddit,3.623,11.917,14.877,3.498,0.834-0.558-0.714,0.95-0.912-0.931
124,academic-yelp-reddit,3.635,11.852,15.178,3.372,0.825-0.506-0.745,0.942-0.919-0.924
125,academic-yelp-reddit,3.627,12.011,14.666,3.128,0.827-0.461-0.641,0.953-0.937-0.929
126,academic-yelp-reddit,3.548,11.824,14.112,3.579,0.853-0.475-0.653,0.966-0.927-0.923
127,academic-yelp-reddit,3.570,11.843,14.146,3.558,0.806-0.44-0.716,0.961-0.92-0.939
128,academic-yelp-reddit,3.587,11.827,13.963,3.403,0.813-0.424-0.629,0.959-0.906-0.939
129,academic-yelp-reddit,3.526,11.841,14.436,3.454,0.847-0.524-0.769,0.954-0.921-0.947
130,academic-yelp-reddit,3.572,11.881,14.272,3.155,0.854-0.487-0.642,0.955-0.93-0.943
131,academic-yelp-reddit,3.606,11.859,13.679,3.390,0.8-0.456-0.624,0.951-0.908-0.931
132,academic-yelp-reddit,3.510,11.756,13.444,3.299,0.794-0.444-0.723,0.967-0.932-0.941
133,academic-yelp-reddit,3.638,11.844,13.328,3.170,0.788-0.458-0.721,0.95-0.899-0.935
134,academic-yelp-reddit,3.572,11.854,13.342,3.011,0.796-0.457-0.671,0.951-0.922-0.937
135,academic-yelp-reddit,3.473,11.866,13.016,3.035,0.779-0.41-0.67,0.971-0.926-0.931
136,academic-yelp-reddit,3.544,11.906,12.922,3.085,0.799-0.443-0.621,0.96-0.924-0.935
137,academic-yelp-reddit,3.569,11.877,12.765,2.986,0.837-0.493-0.691,0.952-0.935-0.924
138,academic-yelp-reddit,3.559,11.856,12.643,3.039,0.791-0.468-0.659,0.956-0.929-0.941
139,academic-yelp-reddit,3.526,11.852,12.614,3.122,0.826-0.447-0.682,0.956-0.93-0.941
140,academic-yelp-reddit,3.551,11.928,12.596,3.068,0.825-0.468-0.744,0.955-0.927-0.935
141,academic-yelp-reddit,3.496,11.827,12.856,3.097,0.798-0.486-0.728,0.959-0.947-0.941
142,academic-yelp-reddit,3.615,11.849,12.580,3.039,0.812-0.435-0.676,0.952-0.9-0.936
143,academic-yelp-reddit,3.592,11.890,12.626,2.939,0.825-0.484-0.643,0.956-0.942-0.931
144,academic-yelp-reddit,3.574,11.816,12.171,3.208,0.849-0.416-0.743,0.955-0.938-0.928
145,academic-yelp-reddit,3.477,11.825,12.301,3.030,0.797-0.485-0.663,0.968-0.94-0.943
146,academic-yelp-reddit,3.529,11.815,12.299,3.180,0.796-0.42-0.675,0.953-0.932-0.933
147,academic-yelp-reddit,3.563,11.817,12.167,3.152,0.785-0.446-0.654,0.956-0.936-0.928
148,academic-yelp-reddit,3.555,11.819,11.843,2.920,0.814-0.45-0.65,0.957-0.938-0.928
149,academic-yelp-reddit,3.577,11.776,11.861,3.136,0.78-0.45-0.645,0.958-0.913-0.929
150,academic-yelp-reddit,3.538,11.836,12.247,2.876,0.828-0.435-0.705,0.954-0.934-0.935
151,academic-yelp-reddit,3.534,11.844,12.081,2.942,0.79-0.498-0.681,0.954-0.927-0.939
152,academic-yelp-reddit,3.516,11.797,11.520,3.154,0.799-0.486-0.632,0.96-0.93-0.933
153,academic-yelp-reddit,3.525,11.811,11.465,2.650,0.816-0.438-0.684,0.958-0.941-0.923
154,academic-yelp-reddit,3.545,11.702,11.588,2.893,0.815-0.465-0.696,0.96-0.915-0.939
155,academic-yelp-reddit,3.528,11.907,11.369,2.869,0.788-0.493-0.698,0.965-0.934-0.925
156,academic-yelp-reddit,3.564,11.830,11.824,2.763,0.806-0.425-0.65,0.957-0.93-0.932
157,academic-yelp-reddit,3.489,11.812,11.589,2.840,0.802-0.468-0.692,0.968-0.917-0.945
158,academic-yelp-reddit,3.501,11.815,11.158,2.790,0.84-0.453-0.717,0.955-0.946-0.944
159,academic-yelp-reddit,3.574,11.808,10.872,2.837,0.814-0.473-0.681,0.959-0.922-0.92
160,academic-yelp-reddit,3.508,11.838,10.863,3.137,0.837-0.498-0.761,0.965-0.916-0.937
161,academic-yelp-reddit,3.515,11.858,10.756,2.966,0.79-0.442-0.714,0.959-0.936-0.942
162,academic-yelp-reddit,3.571,11.737,10.926,2.870,0.859-0.373-0.724,0.957-0.946-0.941
163,academic-yelp-reddit,3.500,11.765,10.623,2.981,0.847-0.441-0.741,0.959-0.938-0.939
164,academic-yelp-reddit,3.556,11.842,10.746,2.826,0.821-0.414-0.658,0.957-0.942-0.925
165,academic-yelp-reddit,3.523,11.824,10.506,2.775,0.854-0.488-0.701,0.963-0.93-0.935
166,academic-yelp-reddit,3.500,11.844,10.608,2.631,0.796-0.439-0.688,0.957-0.951-0.953
167,academic-yelp-reddit,3.610,11.789,10.597,2.687,0.829-0.492-0.702,0.959-0.927-0.922
168,academic-yelp-reddit,3.587,11.901,10.402,2.924,0.764-0.414-0.674,0.957-0.934-0.933
169,academic-yelp-reddit,3.564,11.907,10.523,2.698,0.794-0.418-0.688,0.96-0.936-0.942
170,academic-yelp-reddit,3.580,11.793,10.282,2.620,0.814-0.504-0.681,0.957-0.931-0.933
171,academic-yelp-reddit,3.498,11.833,9.818,2.851,0.764-0.474-0.713,0.966-0.936-0.923
172,academic-yelp-reddit,3.474,11.893,10.161,2.865,0.792-0.443-0.676,0.97-0.932-0.946
173,academic-yelp-reddit,3.528,11.775,9.867,2.953,0.777-0.435-0.651,0.962-0.94-0.932
174,academic-yelp-reddit,3.546,11.737,10.066,2.811,0.802-0.437-0.721,0.955-0.929-0.946
175,academic-yelp-reddit,3.552,11.867,10.187,3.026,0.821-0.452-0.674,0.965-0.929-0.937
176,academic-yelp-reddit,3.522,11.773,9.652,2.717,0.787-0.409-0.682,0.958-0.947-0.943
177,academic-yelp-reddit,3.512,11.882,10.089,2.626,0.795-0.463-0.675,0.96-0.94-0.943
178,academic-yelp-reddit,3.585,11.759,9.565,2.504,0.819-0.395-0.707,0.957-0.938-0.931
179,academic-yelp-reddit,3.553,11.871,9.818,2.813,0.82-0.476-0.667,0.96-0.939-0.936
180,academic-yelp-reddit,3.529,11.849,9.897,2.492,0.825-0.431-0.607,0.961-0.939-0.924
181,academic-yelp-reddit,3.495,11.922,9.658,2.674,0.75-0.404-0.682,0.96-0.945-0.949
182,academic-yelp-reddit,3.424,11.781,9.800,3.265,0.81-0.493-0.729,0.976-0.943-0.938
183,academic-yelp-reddit,3.536,11.757,9.487,2.952,0.749-0.387-0.659,0.965-0.931-0.935
184,academic-yelp-reddit,3.491,11.836,9.113,3.065,0.774-0.418-0.651,0.964-0.939-0.94
185,academic-yelp-reddit,3.490,11.753,9.491,2.919,0.776-0.484-0.644,0.962-0.948-0.936
186,academic-yelp-reddit,3.632,11.767,9.278,2.620,0.837-0.507-0.679,0.953-0.913-0.933
187,academic-yelp-reddit,3.564,11.777,9.131,2.612,0.814-0.451-0.595,0.959-0.946-0.943
188,academic-yelp-reddit,3.520,11.825,9.280,2.872,0.787-0.465-0.602,0.971-0.935-0.938
189,academic-yelp-reddit,3.524,11.846,9.243,2.805,0.776-0.447-0.679,0.964-0.94-0.934
190,academic-yelp-reddit,3.496,11.821,9.220,2.913,0.846-0.457-0.711,0.972-0.932-0.938
191,academic-yelp-reddit,3.553,11.782,9.218,2.664,0.82-0.445-0.675,0.955-0.94-0.938
192,academic-yelp-reddit,3.584,11.833,9.211,2.474,0.82-0.421-0.668,0.96-0.93-0.922
193,academic-yelp-reddit,3.581,11.835,9.255,2.490,0.811-0.405-0.654,0.957-0.937-0.93
194,academic-yelp-reddit,3.561,11.792,9.057,2.546,0.847-0.481-0.659,0.959-0.94-0.928
195,academic-yelp-reddit,3.477,11.827,8.819,2.814,0.761-0.415-0.724,0.965-0.936-0.944
196,academic-yelp-reddit,3.530,11.769,8.786,2.918,0.833-0.425-0.721,0.966-0.946-0.925
197,academic-yelp-reddit,3.574,11.823,9.201,2.847,0.8-0.468-0.643,0.959-0.933-0.942
198,academic-yelp-reddit,3.514,11.781,9.479,2.772,0.768-0.469-0.655,0.962-0.939-0.945
199,academic-yelp-reddit,3.509,11.747,9.550,2.589,0.823-0.509-0.705,0.964-0.931-0.951
200,academic-yelp-reddit,3.557,11.719,9.338,2.665,0.816-0.429-0.754,0.964-0.931-0.953
201,academic-yelp-reddit,3.558,11.818,9.016,2.553,0.792-0.458-0.688,0.96-0.943-0.942
202,academic-yelp-reddit,3.429,11.781,9.090,2.905,0.752-0.45-0.648,0.971-0.941-0.941
203,academic-yelp-reddit,3.512,11.756,8.777,2.623,0.793-0.461-0.718,0.96-0.948-0.943
204,academic-yelp-reddit,3.562,11.804,8.907,2.540,0.764-0.489-0.71,0.957-0.926-0.939
