0,academic-product-reddit,10.791,15.164,98.856,22.084,0.81-0.657-0.707,0.762-0.652-0.649
1,academic-product-reddit,15.108,14.027,107.500,25.397,0.821-0.685-0.733,0.76-0.611-0.649
2,academic-product-reddit,10.252,13.739,110.563,27.661,0.847-0.66-0.712,0.804-0.673-0.686
3,academic-product-reddit,7.219,13.582,112.657,29.341,0.844-0.726-0.677,0.827-0.752-0.689
4,academic-product-reddit,10.456,13.447,113.465,29.903,0.857-0.716-0.699,0.796-0.687-0.689
5,academic-product-reddit,5.979,13.432,113.849,29.661,0.802-0.642-0.768,0.777-0.744-0.777
6,academic-product-reddit,5.865,13.247,113.454,30.584,0.786-0.72-0.709,0.785-0.802-0.689
7,academic-product-reddit,5.588,13.247,113.015,30.356,0.835-0.743-0.736,0.832-0.772-0.702
8,academic-product-reddit,4.832,13.197,111.509,29.742,0.825-0.654-0.728,0.802-0.768-0.743
9,academic-product-reddit,6.455,13.155,109.972,29.807,0.803-0.796-0.701,0.783-0.827-0.724
10,academic-product-reddit,5.092,13.065,108.220,29.113,0.834-0.735-0.74,0.821-0.792-0.761
11,academic-product-reddit,4.741,12.959,106.998,27.133,0.825-0.713-0.723,0.825-0.801-0.73
12,academic-product-reddit,4.928,12.950,105.126,28.045,0.828-0.694-0.744,0.871-0.734-0.802
13,academic-product-reddit,4.711,13.078,103.133,27.104,0.849-0.723-0.776,0.857-0.777-0.804
14,academic-product-reddit,4.907,12.882,101.378,26.767,0.842-0.696-0.747,0.833-0.813-0.768
15,academic-product-reddit,4.632,12.918,99.674,26.605,0.835-0.749-0.715,0.847-0.829-0.797
16,academic-product-reddit,4.408,12.862,98.461,26.112,0.842-0.877-0.717,0.855-0.915-0.775
17,academic-product-reddit,4.409,12.817,96.619,25.545,0.817-0.763-0.733,0.843-0.855-0.767
18,academic-product-reddit,4.353,12.795,95.049,24.962,0.788-0.713-0.707,0.809-0.817-0.765
19,academic-product-reddit,4.319,12.768,93.005,23.754,0.834-0.724-0.713,0.839-0.778-0.718
20,academic-product-reddit,4.185,12.648,91.090,23.329,0.813-0.686-0.707,0.797-0.78-0.73
21,academic-product-reddit,4.511,12.616,89.100,22.566,0.791-0.701-0.699,0.766-0.749-0.74
22,academic-product-reddit,4.039,12.620,87.321,22.167,0.849-0.714-0.756,0.846-0.807-0.821
23,academic-product-reddit,4.392,12.617,85.392,21.452,0.827-0.68-0.743,0.793-0.722-0.787
24,academic-product-reddit,4.414,12.545,83.705,22.169,0.808-0.921-0.687,0.757-0.933-0.667
25,academic-product-reddit,4.439,12.650,82.338,20.663,0.838-0.693-0.7,0.791-0.695-0.703
26,academic-product-reddit,4.240,12.540,81.079,20.701,0.806-0.782-0.717,0.767-0.818-0.671
27,academic-product-reddit,4.189,12.548,79.452,19.844,0.859-0.82-0.777,0.771-0.796-0.741
28,academic-product-reddit,4.146,12.566,77.594,19.375,0.742-0.797-0.729,0.696-0.822-0.745
29,academic-product-reddit,4.332,12.504,75.727,19.630,0.839-0.737-0.76,0.782-0.746-0.767
30,academic-product-reddit,4.032,12.534,74.147,18.424,0.821-0.735-0.76,0.798-0.783-0.766
31,academic-product-reddit,4.128,12.515,72.582,17.100,0.799-0.697-0.719,0.785-0.793-0.742
32,academic-product-reddit,4.138,12.513,71.485,17.772,0.806-0.755-0.681,0.789-0.794-0.683
33,academic-product-reddit,3.861,12.502,70.410,17.352,0.863-0.803-0.775,0.833-0.857-0.829
34,academic-product-reddit,4.063,12.300,69.293,16.943,0.786-0.669-0.759,0.75-0.735-0.744
35,academic-product-reddit,4.053,12.433,68.250,16.759,0.813-0.707-0.737,0.729-0.752-0.706
36,academic-product-reddit,3.878,12.373,66.787,16.199,0.836-0.772-0.743,0.842-0.88-0.824
37,academic-product-reddit,3.979,12.427,65.709,15.930,0.84-0.795-0.705,0.806-0.82-0.679
38,academic-product-reddit,3.976,12.422,64.716,14.655,0.823-0.778-0.742,0.772-0.797-0.736
39,academic-product-reddit,3.815,12.481,63.582,15.201,0.859-0.81-0.728,0.869-0.928-0.758
40,academic-product-reddit,3.951,12.268,62.506,14.653,0.814-0.715-0.77,0.82-0.853-0.811
41,academic-product-reddit,3.886,12.399,60.770,14.709,0.835-0.776-0.73,0.842-0.866-0.797
42,academic-product-reddit,3.701,12.368,59.637,14.314,0.801-0.758-0.729,0.894-0.939-0.901
43,academic-product-reddit,3.744,12.367,58.876,14.621,0.806-0.844-0.739,0.848-0.921-0.84
44,academic-product-reddit,3.841,12.455,57.874,13.690,0.839-0.717-0.728,0.857-0.889-0.845
45,academic-product-reddit,3.782,12.366,56.774,12.977,0.838-0.722-0.711,0.877-0.924-0.898
46,academic-product-reddit,3.746,12.286,55.436,12.683,0.846-0.755-0.746,0.896-0.945-0.872
47,academic-product-reddit,3.763,12.290,54.159,12.485,0.841-0.786-0.734,0.897-0.96-0.877
48,academic-product-reddit,3.733,12.293,53.093,12.192,0.84-0.788-0.729,0.89-0.956-0.887
49,academic-product-reddit,3.760,12.311,51.656,11.747,0.87-0.703-0.692,0.912-0.948-0.908
50,academic-product-reddit,3.820,12.302,51.366,11.125,0.804-0.742-0.742,0.878-0.917-0.864
51,academic-product-reddit,3.711,12.274,50.447,11.126,0.848-0.769-0.77,0.903-0.953-0.898
52,academic-product-reddit,3.748,12.296,49.279,10.770,0.844-0.757-0.68,0.918-0.953-0.88
53,academic-product-reddit,3.705,12.329,48.017,11.128,0.824-0.745-0.768,0.912-0.959-0.903
54,academic-product-reddit,3.722,12.209,46.840,11.011,0.847-0.734-0.716,0.896-0.938-0.904
55,academic-product-reddit,3.768,12.175,46.176,10.228,0.84-0.664-0.69,0.905-0.926-0.885
56,academic-product-reddit,3.753,12.325,45.343,10.246,0.828-0.753-0.717,0.895-0.929-0.862
57,academic-product-reddit,3.662,12.233,45.016,9.896,0.838-0.757-0.694,0.913-0.943-0.894
58,academic-product-reddit,3.763,12.228,43.955,9.505,0.829-0.73-0.745,0.911-0.922-0.903
59,academic-product-reddit,3.769,12.214,43.530,9.935,0.792-0.756-0.834,0.878-0.899-0.897
60,academic-product-reddit,3.749,12.233,42.640,8.591,0.847-0.738-0.665,0.902-0.95-0.892
61,academic-product-reddit,3.666,12.176,42.178,9.219,0.782-0.759-0.68,0.911-0.961-0.915
62,academic-product-reddit,3.767,12.151,41.433,9.123,0.843-0.803-0.745,0.859-0.94-0.865
63,academic-product-reddit,3.780,12.333,40.863,8.824,0.808-0.745-0.783,0.885-0.903-0.878
64,academic-product-reddit,3.734,12.210,39.972,8.854,0.832-0.75-0.721,0.887-0.947-0.901
65,academic-product-reddit,3.767,12.136,39.136,8.491,0.816-0.792-0.671,0.909-0.943-0.896
66,academic-product-reddit,3.777,12.157,38.520,8.257,0.857-0.804-0.754,0.908-0.919-0.878
67,academic-product-reddit,3.767,12.146,37.807,8.537,0.874-0.664-0.718,0.911-0.868-0.922
68,academic-product-reddit,3.659,12.262,37.496,7.776,0.842-0.786-0.766,0.92-0.943-0.887
69,academic-product-reddit,3.707,12.179,36.470,8.050,0.81-0.792-0.765,0.886-0.936-0.884
70,academic-product-reddit,3.565,12.135,35.754,8.768,0.829-0.857-0.72,0.915-0.959-0.843
71,academic-product-reddit,3.782,12.153,34.839,7.350,0.811-0.671-0.744,0.901-0.889-0.886
72,academic-product-reddit,3.688,12.118,33.797,7.292,0.827-0.761-0.671,0.913-0.936-0.889
73,academic-product-reddit,3.716,12.079,33.548,6.940,0.838-0.757-0.758,0.893-0.92-0.913
74,academic-product-reddit,3.584,12.070,32.600,7.290,0.868-0.741-0.739,0.934-0.92-0.889
75,academic-product-reddit,3.617,12.130,31.800,6.861,0.821-0.791-0.716,0.907-0.943-0.889
76,academic-product-reddit,3.664,12.055,31.029,6.991,0.841-0.81-0.712,0.932-0.958-0.9
77,academic-product-reddit,3.578,12.089,30.274,6.465,0.871-0.762-0.72,0.942-0.949-0.895
78,academic-product-reddit,3.512,12.059,29.381,7.086,0.807-0.807-0.759,0.922-0.952-0.916
79,academic-product-reddit,3.567,12.116,28.366,6.436,0.842-0.748-0.727,0.922-0.934-0.891
80,academic-product-reddit,3.431,12.188,27.910,6.303,0.853-0.792-0.718,0.943-0.959-0.914
81,academic-product-reddit,3.586,12.057,27.098,6.095,0.84-0.744-0.695,0.925-0.947-0.9
82,academic-product-reddit,3.485,12.155,26.555,6.225,0.88-0.737-0.675,0.94-0.947-0.911
83,academic-product-reddit,3.403,12.140,26.193,6.688,0.794-0.854-0.728,0.93-0.968-0.918
84,academic-product-reddit,3.566,12.069,24.982,5.838,0.846-0.815-0.718,0.923-0.956-0.883
85,academic-product-reddit,3.350,12.063,24.916,6.980,0.843-0.876-0.729,0.922-0.968-0.916
86,academic-product-reddit,3.541,12.166,23.493,5.409,0.86-0.699-0.724,0.944-0.949-0.907
87,academic-product-reddit,3.514,12.126,23.046,5.617,0.824-0.792-0.663,0.925-0.963-0.893
88,academic-product-reddit,3.550,12.061,22.593,5.172,0.842-0.779-0.67,0.927-0.96-0.902
89,academic-product-reddit,3.507,12.148,22.097,5.427,0.833-0.766-0.706,0.919-0.95-0.893
90,academic-product-reddit,3.489,12.172,21.660,5.231,0.821-0.775-0.671,0.925-0.95-0.894
91,academic-product-reddit,3.440,12.111,20.950,4.978,0.87-0.813-0.681,0.949-0.974-0.901
92,academic-product-reddit,3.511,12.090,20.830,4.918,0.846-0.826-0.709,0.947-0.965-0.896
93,academic-product-reddit,3.533,12.073,20.048,4.791,0.847-0.767-0.763,0.939-0.957-0.914
94,academic-product-reddit,3.416,12.005,19.656,4.908,0.837-0.85-0.715,0.937-0.973-0.908
95,academic-product-reddit,3.584,12.041,19.056,4.704,0.8-0.689-0.742,0.922-0.947-0.908
96,academic-product-reddit,3.633,12.025,19.572,4.937,0.822-0.775-0.678,0.935-0.907-0.928
97,academic-product-reddit,3.513,12.099,18.144,4.813,0.808-0.815-0.666,0.931-0.974-0.898
98,academic-product-reddit,3.438,12.073,18.260,4.440,0.823-0.829-0.649,0.949-0.975-0.895
99,academic-product-reddit,3.445,12.108,17.864,4.434,0.842-0.782-0.664,0.94-0.968-0.917
100,academic-product-reddit,3.594,12.033,17.802,4.354,0.811-0.771-0.69,0.933-0.964-0.905
101,academic-product-reddit,3.617,12.058,17.423,4.209,0.834-0.706-0.767,0.924-0.959-0.904
102,academic-product-reddit,3.537,12.143,16.364,4.119,0.833-0.765-0.668,0.937-0.959-0.877
103,academic-product-reddit,3.385,12.100,16.042,4.298,0.845-0.699-0.736,0.944-0.955-0.935
104,academic-product-reddit,3.475,12.021,16.196,4.242,0.823-0.753-0.733,0.941-0.959-0.926
105,academic-product-reddit,3.460,12.159,15.496,4.271,0.84-0.797-0.62,0.939-0.965-0.894
106,academic-product-reddit,3.429,12.112,15.382,3.889,0.838-0.786-0.658,0.954-0.977-0.921
107,academic-product-reddit,3.451,12.036,14.969,3.943,0.845-0.815-0.693,0.947-0.966-0.934
108,academic-product-reddit,3.451,11.947,14.769,4.091,0.835-0.824-0.728,0.947-0.979-0.922
109,academic-product-reddit,3.371,12.108,14.185,4.185,0.853-0.793-0.657,0.942-0.97-0.905
110,academic-product-reddit,3.417,12.013,14.013,3.727,0.799-0.772-0.66,0.949-0.971-0.924
111,academic-product-reddit,3.509,12.095,14.456,3.598,0.804-0.824-0.659,0.935-0.969-0.907
112,academic-product-reddit,3.392,12.012,13.905,3.943,0.771-0.793-0.752,0.945-0.975-0.938
113,academic-product-reddit,3.376,12.028,13.663,3.671,0.812-0.828-0.677,0.957-0.971-0.931
114,academic-product-reddit,3.523,12.137,13.956,3.646,0.798-0.745-0.583,0.926-0.961-0.916
115,academic-product-reddit,3.355,12.109,13.581,3.732,0.847-0.824-0.751,0.948-0.977-0.924
116,academic-product-reddit,3.420,12.067,12.986,4.050,0.837-0.813-0.633,0.958-0.978-0.941
117,academic-product-reddit,3.389,12.161,12.904,3.685,0.816-0.818-0.657,0.951-0.972-0.923
118,academic-product-reddit,3.370,12.032,13.083,4.501,0.8-0.789-0.676,0.959-0.965-0.934
119,academic-product-reddit,3.365,11.994,12.916,4.152,0.892-0.732-0.651,0.971-0.973-0.928
120,academic-product-reddit,3.429,12.038,12.510,3.731,0.867-0.783-0.688,0.956-0.975-0.939
121,academic-product-reddit,3.391,12.001,12.912,3.875,0.802-0.766-0.675,0.952-0.971-0.939
122,academic-product-reddit,3.424,12.052,12.226,3.451,0.819-0.836-0.667,0.951-0.982-0.922
123,academic-product-reddit,3.287,11.991,12.351,4.651,0.808-0.884-0.64,0.956-0.979-0.933
124,academic-product-reddit,3.413,12.084,11.852,3.325,0.808-0.782-0.678,0.944-0.976-0.936
125,academic-product-reddit,3.477,12.056,12.611,3.563,0.763-0.75-0.747,0.943-0.964-0.941
126,academic-product-reddit,3.407,11.955,12.644,3.605,0.84-0.817-0.687,0.956-0.974-0.918
127,academic-product-reddit,3.417,12.011,12.113,3.416,0.844-0.713-0.73,0.957-0.966-0.937
128,academic-product-reddit,3.419,11.932,12.166,3.335,0.815-0.798-0.657,0.96-0.975-0.932
129,academic-product-reddit,3.305,12.050,12.163,4.041,0.803-0.859-0.622,0.955-0.979-0.941
130,academic-product-reddit,3.370,12.084,11.712,3.308,0.81-0.818-0.655,0.946-0.973-0.947
131,academic-product-reddit,3.430,12.001,11.694,3.344,0.845-0.778-0.713,0.956-0.976-0.943
132,academic-product-reddit,3.402,11.992,11.467,3.273,0.769-0.774-0.607,0.943-0.968-0.929
133,academic-product-reddit,3.424,12.028,11.964,3.489,0.782-0.818-0.638,0.958-0.979-0.939
134,academic-product-reddit,3.434,12.027,11.690,3.310,0.817-0.798-0.713,0.96-0.976-0.937
135,academic-product-reddit,3.455,11.896,11.050,3.122,0.811-0.709-0.703,0.952-0.974-0.939
136,academic-product-reddit,3.492,11.984,12.067,3.206,0.824-0.744-0.646,0.953-0.97-0.939
137,academic-product-reddit,3.386,12.109,11.004,3.345,0.777-0.821-0.661,0.955-0.978-0.94
138,academic-product-reddit,3.431,11.948,10.843,3.080,0.8-0.787-0.691,0.951-0.975-0.937
139,academic-product-reddit,3.367,11.913,11.255,3.784,0.837-0.832-0.667,0.953-0.975-0.928
140,academic-product-reddit,3.475,12.046,10.860,3.183,0.832-0.766-0.687,0.95-0.979-0.939
141,academic-product-reddit,3.383,11.988,10.845,3.341,0.788-0.789-0.678,0.958-0.977-0.94
142,academic-product-reddit,3.320,12.036,10.663,3.207,0.822-0.801-0.691,0.954-0.98-0.944
143,academic-product-reddit,3.460,12.058,11.034,3.120,0.792-0.754-0.665,0.951-0.969-0.928
144,academic-product-reddit,3.471,11.914,10.794,3.235,0.853-0.739-0.645,0.958-0.967-0.927
145,academic-product-reddit,3.530,11.916,11.434,3.532,0.82-0.889-0.717,0.956-0.966-0.946
146,academic-product-reddit,3.340,12.030,10.820,4.322,0.757-0.848-0.659,0.953-0.98-0.944
147,academic-product-reddit,3.444,12.005,10.008,3.001,0.764-0.744-0.683,0.951-0.975-0.939
148,academic-product-reddit,3.333,11.841,10.466,3.257,0.767-0.841-0.67,0.962-0.978-0.93
149,academic-product-reddit,3.439,11.901,10.385,3.090,0.784-0.78-0.613,0.945-0.973-0.938
150,academic-product-reddit,3.532,11.956,10.515,2.961,0.789-0.764-0.703,0.961-0.976-0.938
151,academic-product-reddit,3.439,12.029,10.094,3.072,0.803-0.78-0.593,0.956-0.97-0.933
152,academic-product-reddit,3.416,11.845,9.787,3.016,0.811-0.774-0.645,0.946-0.982-0.939
153,academic-product-reddit,3.471,11.986,9.932,3.109,0.806-0.77-0.623,0.958-0.972-0.93
154,academic-product-reddit,3.362,11.987,9.974,3.188,0.801-0.766-0.648,0.963-0.979-0.939
155,academic-product-reddit,3.454,11.985,10.214,3.252,0.831-0.746-0.664,0.959-0.978-0.95
156,academic-product-reddit,3.373,11.988,9.726,3.340,0.858-0.828-0.692,0.959-0.982-0.934
157,academic-product-reddit,3.374,11.916,9.930,3.072,0.82-0.815-0.648,0.954-0.98-0.948
158,academic-product-reddit,3.425,11.877,9.538,3.142,0.838-0.806-0.677,0.953-0.979-0.945
159,academic-product-reddit,3.486,11.944,10.138,3.270,0.822-0.549-0.645,0.96-0.962-0.943
160,academic-product-reddit,3.427,11.881,9.624,3.166,0.836-0.831-0.656,0.95-0.98-0.936
161,academic-product-reddit,3.393,11.949,9.524,3.189,0.761-0.803-0.677,0.952-0.977-0.943
162,academic-product-reddit,3.439,11.957,9.901,3.312,0.766-0.585-0.661,0.962-0.973-0.936
163,academic-product-reddit,3.374,11.892,9.899,3.198,0.8-0.797-0.617,0.954-0.978-0.936
164,academic-product-reddit,3.275,12.059,9.726,3.445,0.814-0.86-0.668,0.956-0.979-0.946
165,academic-product-reddit,3.369,11.969,9.771,3.511,0.784-0.762-0.621,0.955-0.979-0.946
166,academic-product-reddit,3.417,11.969,9.514,3.269,0.806-0.79-0.672,0.958-0.981-0.941
167,academic-product-reddit,3.432,11.872,9.429,3.417,0.833-0.701-0.726,0.955-0.972-0.949
168,academic-product-reddit,3.539,11.998,9.678,2.923,0.833-0.813-0.68,0.955-0.976-0.943
169,academic-product-reddit,3.328,12.024,9.231,3.237,0.801-0.885-0.689,0.953-0.984-0.933
170,academic-product-reddit,3.391,11.848,9.319,2.854,0.775-0.77-0.614,0.954-0.982-0.944
171,academic-product-reddit,3.456,11.909,9.726,3.321,0.792-0.784-0.672,0.957-0.972-0.95
172,academic-product-reddit,3.431,11.795,9.079,3.265,0.835-0.813-0.7,0.961-0.98-0.938
173,academic-product-reddit,3.387,11.892,8.994,3.142,0.787-0.76-0.712,0.951-0.977-0.955
174,academic-product-reddit,3.381,11.919,9.148,3.232,0.832-0.834-0.682,0.955-0.978-0.94
175,academic-product-reddit,3.425,11.899,9.240,2.800,0.811-0.77-0.673,0.956-0.981-0.947
176,academic-product-reddit,3.412,11.970,9.273,3.121,0.79-0.795-0.716,0.955-0.982-0.945
177,academic-product-reddit,3.457,11.858,9.391,3.041,0.792-0.759-0.706,0.954-0.972-0.929
178,academic-product-reddit,3.495,11.915,8.921,3.180,0.819-0.74-0.686,0.956-0.979-0.941
179,academic-product-reddit,3.483,11.890,8.704,2.882,0.815-0.784-0.646,0.954-0.983-0.936
180,academic-product-reddit,3.401,11.936,8.531,3.178,0.791-0.748-0.664,0.964-0.973-0.941
181,academic-product-reddit,3.421,11.967,8.661,3.009,0.837-0.825-0.669,0.958-0.98-0.94
182,academic-product-reddit,3.414,11.882,9.318,3.047,0.817-0.793-0.629,0.956-0.973-0.952
183,academic-product-reddit,3.400,11.927,8.962,3.192,0.804-0.75-0.608,0.961-0.977-0.927
184,academic-product-reddit,3.482,11.914,9.008,2.767,0.839-0.773-0.672,0.958-0.979-0.939
185,academic-product-reddit,3.508,11.837,8.767,3.106,0.827-0.786-0.669,0.96-0.974-0.938
186,academic-product-reddit,3.414,11.905,8.795,3.514,0.796-0.783-0.585,0.953-0.979-0.942
187,academic-product-reddit,3.501,11.932,8.941,2.874,0.76-0.702-0.687,0.968-0.964-0.944
188,academic-product-reddit,3.444,11.877,8.494,3.054,0.804-0.79-0.703,0.959-0.978-0.944
189,academic-product-reddit,3.475,11.890,8.851,2.786,0.756-0.776-0.636,0.954-0.976-0.934
190,academic-product-reddit,3.511,11.991,8.848,3.095,0.806-0.733-0.651,0.953-0.97-0.935
191,academic-product-reddit,3.436,11.897,9.125,3.009,0.79-0.785-0.64,0.957-0.98-0.945
192,academic-product-reddit,3.442,11.785,8.817,2.784,0.771-0.788-0.65,0.955-0.977-0.934
193,academic-product-reddit,3.460,11.883,8.525,2.655,0.814-0.75-0.659,0.957-0.977-0.942
194,academic-product-reddit,3.441,11.867,8.637,2.885,0.826-0.768-0.635,0.954-0.969-0.94
195,academic-product-reddit,3.456,11.916,8.390,2.766,0.829-0.797-0.668,0.955-0.98-0.932
196,academic-product-reddit,3.407,11.869,8.637,2.928,0.809-0.785-0.654,0.961-0.98-0.943
197,academic-product-reddit,3.402,11.839,8.437,3.061,0.843-0.813-0.672,0.958-0.974-0.948
198,academic-product-reddit,3.416,11.960,9.421,3.244,0.82-0.827-0.641,0.955-0.975-0.933
199,academic-product-reddit,3.362,11.904,8.785,3.331,0.751-0.819-0.575,0.953-0.979-0.942
200,academic-product-reddit,3.430,11.847,8.742,2.973,0.798-0.823-0.733,0.961-0.98-0.938
201,academic-product-reddit,3.442,11.900,8.709,2.916,0.803-0.774-0.653,0.95-0.977-0.944
202,academic-product-reddit,3.317,11.909,8.698,3.376,0.778-0.8-0.68,0.961-0.979-0.954
203,academic-product-reddit,3.375,11.863,8.661,3.187,0.813-0.803-0.647,0.963-0.976-0.946
204,academic-product-reddit,3.424,11.866,8.350,2.922,0.771-0.756-0.693,0.967-0.976-0.947
205,academic-product-reddit,3.338,11.796,8.648,3.388,0.797-0.834-0.698,0.964-0.98-0.96
206,academic-product-reddit,3.444,11.945,8.718,3.333,0.778-0.797-0.614,0.959-0.981-0.935
207,academic-product-reddit,3.420,11.846,8.510,2.959,0.808-0.792-0.64,0.952-0.981-0.948
208,academic-product-reddit,3.379,11.827,8.721,3.543,0.781-0.747-0.653,0.955-0.976-0.951
209,academic-product-reddit,3.421,11.864,9.401,2.954,0.805-0.761-0.661,0.965-0.976-0.957
210,academic-product-reddit,3.496,11.939,9.009,2.593,0.812-0.763-0.687,0.951-0.976-0.94
211,academic-product-reddit,3.395,11.808,8.714,3.134,0.795-0.78-0.739,0.955-0.983-0.961
212,academic-product-reddit,3.495,11.863,8.837,2.763,0.834-0.768-0.662,0.957-0.981-0.944
213,academic-product-reddit,3.539,11.896,8.965,2.936,0.829-0.746-0.766,0.952-0.964-0.943
214,academic-product-reddit,3.507,11.985,8.829,2.800,0.816-0.817-0.606,0.951-0.976-0.947
215,academic-product-reddit,3.362,11.877,8.650,3.123,0.76-0.801-0.62,0.959-0.984-0.949
216,academic-product-reddit,3.412,11.812,8.567,2.926,0.805-0.834-0.65,0.962-0.97-0.94
217,academic-product-reddit,3.528,11.845,8.663,2.670,0.768-0.666-0.642,0.96-0.97-0.941
218,academic-product-reddit,3.469,11.805,8.462,2.522,0.743-0.782-0.685,0.952-0.981-0.951
219,academic-product-reddit,3.465,11.813,8.296,2.892,0.774-0.77-0.67,0.949-0.98-0.945
220,academic-product-reddit,3.409,11.802,8.733,3.223,0.846-0.859-0.718,0.956-0.98-0.936
221,academic-product-reddit,3.416,11.941,8.267,2.929,0.805-0.807-0.664,0.956-0.978-0.947
222,academic-product-reddit,3.379,11.793,8.515,2.877,0.818-0.748-0.684,0.963-0.979-0.949
223,academic-product-reddit,3.381,11.814,8.806,3.018,0.779-0.83-0.672,0.958-0.98-0.941
224,academic-product-reddit,3.402,11.852,8.791,3.099,0.762-0.774-0.654,0.961-0.981-0.946
225,academic-product-reddit,3.462,11.817,8.802,2.819,0.741-0.742-0.608,0.955-0.974-0.946
226,academic-product-reddit,3.309,11.761,8.805,2.714,0.774-0.828-0.687,0.966-0.978-0.949
227,academic-product-reddit,3.406,11.826,8.076,3.016,0.752-0.768-0.67,0.962-0.982-0.951
228,academic-product-reddit,3.384,11.902,8.147,2.959,0.799-0.791-0.681,0.955-0.983-0.95
229,academic-product-reddit,3.408,11.792,8.183,3.285,0.802-0.76-0.679,0.959-0.968-0.933
230,academic-product-reddit,3.493,11.835,8.343,2.663,0.833-0.848-0.709,0.953-0.981-0.946
231,academic-product-reddit,3.404,11.848,8.410,2.906,0.807-0.777-0.639,0.958-0.979-0.946
232,academic-product-reddit,3.473,11.916,8.092,2.774,0.803-0.763-0.653,0.954-0.983-0.94
233,academic-product-reddit,3.332,11.960,8.499,3.274,0.817-0.806-0.66,0.965-0.978-0.945
234,academic-product-reddit,3.565,11.719,8.775,2.488,0.845-0.79-0.711,0.951-0.97-0.934
235,academic-product-reddit,3.415,11.851,8.072,3.165,0.777-0.82-0.642,0.955-0.984-0.945
236,academic-product-reddit,3.368,11.748,8.180,3.207,0.815-0.812-0.692,0.956-0.981-0.951
237,academic-product-reddit,3.387,11.871,9.377,3.372,0.841-0.88-0.801,0.963-0.973-0.95
238,academic-product-reddit,3.495,11.798,8.695,2.595,0.759-0.752-0.698,0.962-0.968-0.953
239,academic-product-reddit,3.669,11.920,8.863,2.797,0.781-0.63-0.662,0.961-0.918-0.94
240,academic-product-reddit,3.447,11.765,8.336,2.819,0.797-0.792-0.608,0.959-0.977-0.942
241,academic-product-reddit,3.493,11.864,8.441,2.762,0.864-0.791-0.68,0.96-0.977-0.937
242,academic-product-reddit,3.434,11.861,8.306,2.801,0.811-0.772-0.636,0.964-0.979-0.95
243,academic-product-reddit,3.382,11.811,8.401,2.920,0.777-0.809-0.743,0.958-0.981-0.957
244,academic-product-reddit,3.473,11.817,8.524,2.572,0.854-0.767-0.68,0.966-0.976-0.941
245,academic-product-reddit,3.472,11.929,8.463,2.611,0.817-0.789-0.679,0.964-0.976-0.936
246,academic-product-reddit,3.387,11.842,7.724,3.183,0.845-0.818-0.713,0.962-0.98-0.936
247,academic-product-reddit,3.611,11.905,8.362,3.104,0.823-0.755-0.732,0.952-0.941-0.939
248,academic-product-reddit,3.441,11.787,7.850,3.044,0.782-0.818-0.662,0.953-0.977-0.942
249,academic-product-reddit,3.504,11.735,8.145,2.567,0.807-0.813-0.706,0.945-0.976-0.935
250,academic-product-reddit,3.389,11.789,8.254,2.844,0.761-0.828-0.699,0.959-0.986-0.946
251,academic-product-reddit,3.474,11.699,8.043,2.602,0.763-0.792-0.641,0.959-0.984-0.942
252,academic-product-reddit,3.492,11.852,7.809,2.647,0.774-0.71-0.664,0.957-0.973-0.942
253,academic-product-reddit,3.380,11.959,8.038,2.776,0.771-0.807-0.659,0.964-0.974-0.948
254,academic-product-reddit,3.306,11.760,8.546,3.069,0.802-0.832-0.652,0.977-0.983-0.93
255,academic-product-reddit,3.447,11.900,8.092,2.501,0.783-0.776-0.579,0.953-0.982-0.933
256,academic-product-reddit,3.422,11.791,8.622,2.663,0.801-0.808-0.631,0.948-0.983-0.937
257,academic-product-reddit,3.411,11.826,7.800,2.677,0.795-0.66-0.656,0.974-0.973-0.934
258,academic-product-reddit,3.408,11.849,8.347,2.708,0.775-0.745-0.706,0.959-0.975-0.955
259,academic-product-reddit,3.442,11.853,8.021,2.975,0.782-0.584-0.715,0.967-0.952-0.945
260,academic-product-reddit,3.472,11.832,7.956,2.717,0.806-0.851-0.68,0.952-0.984-0.936
261,academic-product-reddit,3.409,11.768,7.807,2.683,0.797-0.789-0.618,0.966-0.982-0.943
262,academic-product-reddit,3.448,11.731,8.053,2.662,0.829-0.774-0.695,0.96-0.975-0.941
263,academic-product-reddit,3.535,11.760,7.940,2.510,0.811-0.801-0.651,0.948-0.977-0.923
264,academic-product-reddit,3.409,11.880,8.209,2.659,0.8-0.819-0.71,0.959-0.978-0.93
265,academic-product-reddit,3.305,11.824,8.149,2.976,0.776-0.889-0.711,0.954-0.984-0.948
266,academic-product-reddit,3.488,11.765,8.088,2.687,0.808-0.762-0.68,0.957-0.978-0.95
267,academic-product-reddit,3.482,11.858,7.942,2.619,0.793-0.824-0.664,0.957-0.979-0.933
268,academic-product-reddit,3.442,11.805,7.972,2.594,0.777-0.803-0.652,0.954-0.978-0.936
269,academic-product-reddit,3.464,11.750,7.898,2.680,0.788-0.769-0.667,0.958-0.98-0.942
270,academic-product-reddit,3.489,11.871,7.965,2.430,0.763-0.781-0.628,0.955-0.973-0.937
271,academic-product-reddit,3.605,11.785,8.401,2.430,0.826-0.784-0.719,0.943-0.958-0.934
272,academic-product-reddit,3.443,11.834,7.749,2.755,0.818-0.801-0.702,0.963-0.978-0.939
273,academic-product-reddit,3.420,11.816,7.674,2.924,0.773-0.779-0.701,0.959-0.981-0.944
274,academic-product-reddit,3.427,11.801,7.918,2.692,0.793-0.795-0.648,0.961-0.981-0.949
275,academic-product-reddit,3.486,11.878,7.687,2.591,0.814-0.767-0.646,0.954-0.982-0.942
276,academic-product-reddit,3.404,11.721,7.825,2.624,0.788-0.814-0.63,0.96-0.982-0.945
277,academic-product-reddit,3.428,11.778,7.738,2.797,0.755-0.774-0.608,0.964-0.978-0.942
278,academic-product-reddit,3.411,11.841,8.007,2.647,0.783-0.827-0.694,0.963-0.982-0.942
279,academic-product-reddit,3.473,11.751,8.006,2.825,0.752-0.733-0.65,0.958-0.978-0.935
280,academic-product-reddit,3.580,11.838,8.411,2.970,0.845-0.658-0.669,0.954-0.944-0.944
281,academic-product-reddit,3.394,11.658,7.582,3.106,0.806-0.753-0.599,0.96-0.981-0.944
282,academic-product-reddit,3.505,11.741,8.340,2.597,0.773-0.806-0.762,0.967-0.974-0.952
283,academic-product-reddit,3.544,11.748,8.014,2.284,0.73-0.734-0.642,0.952-0.975-0.932
284,academic-product-reddit,3.410,11.761,7.348,2.506,0.731-0.771-0.67,0.958-0.977-0.944
285,academic-product-reddit,3.388,11.823,7.403,2.353,0.823-0.718-0.643,0.974-0.971-0.949
286,academic-product-reddit,3.433,11.796,7.628,2.735,0.763-0.758-0.671,0.952-0.974-0.949
287,academic-product-reddit,3.462,11.753,7.756,2.529,0.772-0.777-0.7,0.957-0.976-0.949
288,academic-product-reddit,3.433,11.703,7.563,2.699,0.777-0.816-0.666,0.953-0.975-0.932
289,academic-product-reddit,3.504,11.704,7.819,2.535,0.822-0.829-0.76,0.948-0.971-0.939
290,academic-product-reddit,3.571,11.829,8.095,3.167,0.774-0.841-0.652,0.959-0.969-0.939
291,academic-product-reddit,3.555,11.722,7.770,2.607,0.833-0.786-0.637,0.946-0.976-0.925
292,academic-product-reddit,3.474,11.784,7.616,2.723,0.728-0.743-0.631,0.952-0.981-0.948
293,academic-product-reddit,3.383,11.798,7.174,2.705,0.806-0.847-0.725,0.961-0.981-0.944
294,academic-product-reddit,3.400,11.738,7.547,3.054,0.783-0.815-0.648,0.963-0.98-0.936
295,academic-product-reddit,3.514,11.708,7.517,2.558,0.79-0.728-0.629,0.963-0.977-0.946
296,academic-product-reddit,3.434,11.881,7.229,2.708,0.784-0.816-0.653,0.96-0.979-0.937
297,academic-product-reddit,3.482,11.640,7.407,2.677,0.736-0.769-0.604,0.96-0.98-0.935
298,academic-product-reddit,3.461,11.853,7.631,2.655,0.765-0.814-0.622,0.961-0.98-0.932
299,academic-product-reddit,3.436,11.800,7.437,2.688,0.747-0.828-0.703,0.96-0.981-0.931
300,academic-product-reddit,3.508,11.839,7.519,2.447,0.763-0.806-0.689,0.955-0.977-0.944
301,academic-product-reddit,3.350,11.672,7.510,3.000,0.786-0.847-0.798,0.959-0.98-0.953
302,academic-product-reddit,3.418,11.751,7.648,2.736,0.793-0.77-0.614,0.957-0.979-0.946
303,academic-product-reddit,3.509,11.752,7.422,2.802,0.759-0.747-0.654,0.947-0.976-0.941
304,academic-product-reddit,3.477,11.818,7.545,2.507,0.805-0.802-0.651,0.956-0.976-0.935
305,academic-product-reddit,3.497,11.897,7.562,2.661,0.763-0.801-0.689,0.965-0.976-0.939
306,academic-product-reddit,3.497,11.793,7.178,2.419,0.788-0.786-0.656,0.951-0.977-0.94
307,academic-product-reddit,3.477,11.788,7.364,2.668,0.783-0.78-0.682,0.951-0.977-0.941
308,academic-product-reddit,3.468,11.829,7.757,2.427,0.8-0.791-0.615,0.946-0.978-0.949
309,academic-product-reddit,3.426,11.686,7.614,2.953,0.79-0.793-0.614,0.961-0.979-0.936
310,academic-product-reddit,3.375,11.659,7.759,3.367,0.793-0.858-0.629,0.958-0.979-0.945
311,academic-product-reddit,3.464,11.800,7.299,2.610,0.769-0.817-0.638,0.952-0.98-0.937
312,academic-product-reddit,3.466,11.827,7.538,2.594,0.809-0.819-0.637,0.959-0.977-0.939
313,academic-product-reddit,3.461,11.815,7.558,2.686,0.785-0.753-0.658,0.952-0.978-0.938
314,academic-product-reddit,3.468,11.846,7.689,2.567,0.811-0.788-0.731,0.951-0.977-0.941
315,academic-product-reddit,3.455,11.823,7.529,2.648,0.791-0.77-0.635,0.956-0.968-0.948
316,academic-product-reddit,3.479,11.933,7.228,2.416,0.769-0.789-0.589,0.957-0.984-0.945
317,academic-product-reddit,3.479,11.762,7.401,2.507,0.777-0.768-0.683,0.956-0.983-0.945
318,academic-product-reddit,3.427,11.732,7.637,2.837,0.791-0.778-0.628,0.953-0.976-0.951
319,academic-product-reddit,3.496,11.826,7.068,2.497,0.773-0.81-0.624,0.957-0.983-0.94
320,academic-product-reddit,3.516,11.815,7.363,2.733,0.79-0.828-0.606,0.952-0.979-0.933
321,academic-product-reddit,3.523,11.755,7.341,2.685,0.764-0.807-0.692,0.95-0.979-0.94
322,academic-product-reddit,3.547,11.826,7.551,2.550,0.77-0.796-0.67,0.959-0.975-0.929
323,academic-product-reddit,3.532,11.884,7.469,2.309,0.762-0.733-0.639,0.957-0.977-0.935
324,academic-product-reddit,3.497,11.616,7.336,2.428,0.773-0.866-0.704,0.954-0.977-0.944
325,academic-product-reddit,3.536,11.756,7.570,2.586,0.808-0.805-0.781,0.955-0.982-0.959
326,academic-product-reddit,3.494,11.804,7.292,2.523,0.754-0.784-0.616,0.949-0.979-0.95
327,academic-product-reddit,3.430,11.685,7.012,2.781,0.846-0.822-0.706,0.959-0.98-0.939
328,academic-product-reddit,3.439,11.746,7.266,2.664,0.816-0.809-0.672,0.959-0.978-0.939
329,academic-product-reddit,3.489,11.799,7.034,2.820,0.678-0.704-0.697,0.956-0.966-0.951
330,academic-product-reddit,3.407,11.676,7.614,3.566,0.798-0.886-0.663,0.949-0.973-0.931
331,academic-product-reddit,3.530,11.860,6.898,2.601,0.824-0.692-0.696,0.955-0.968-0.945
332,academic-product-reddit,3.472,11.799,7.552,2.495,0.763-0.739-0.749,0.965-0.973-0.958
333,academic-product-reddit,3.484,11.746,7.423,2.665,0.796-0.752-0.595,0.961-0.975-0.941
334,academic-product-reddit,3.421,11.754,6.921,2.756,0.79-0.783-0.739,0.961-0.977-0.952
335,academic-product-reddit,3.600,11.845,7.484,2.422,0.752-0.694-0.632,0.959-0.974-0.929
336,academic-product-reddit,3.416,11.731,7.134,2.851,0.784-0.817-0.734,0.953-0.979-0.953
337,academic-product-reddit,3.373,11.758,7.024,2.946,0.772-0.801-0.667,0.962-0.982-0.956
338,academic-product-reddit,3.528,11.790,7.422,2.498,0.776-0.761-0.636,0.961-0.972-0.945
339,academic-product-reddit,3.403,11.885,7.157,2.825,0.751-0.793-0.639,0.958-0.972-0.94
340,academic-product-reddit,3.495,11.806,7.080,2.522,0.783-0.815-0.671,0.951-0.974-0.938
341,academic-product-reddit,3.454,11.656,7.317,2.743,0.815-0.867-0.688,0.95-0.981-0.937
342,academic-product-reddit,3.591,11.782,7.517,3.262,0.779-0.758-0.641,0.951-0.968-0.941
343,academic-product-reddit,3.505,11.759,7.048,2.779,0.79-0.748-0.64,0.953-0.973-0.938
344,academic-product-reddit,3.555,11.663,7.604,2.435,0.796-0.806-0.665,0.958-0.976-0.948
345,academic-product-reddit,3.518,11.673,7.015,2.741,0.757-0.771-0.629,0.954-0.976-0.939
346,academic-product-reddit,3.556,11.857,7.777,2.657,0.83-0.705-0.626,0.955-0.972-0.939
347,academic-product-reddit,3.405,11.824,6.887,2.661,0.768-0.81-0.667,0.962-0.978-0.938
348,academic-product-reddit,3.444,11.703,7.031,2.940,0.771-0.815-0.649,0.951-0.98-0.944
349,academic-product-reddit,3.475,11.727,6.840,2.363,0.811-0.795-0.704,0.961-0.972-0.949
350,academic-product-reddit,3.462,11.732,6.917,2.643,0.786-0.721-0.717,0.959-0.972-0.949
351,academic-product-reddit,3.524,11.869,6.969,2.329,0.822-0.682-0.668,0.96-0.972-0.94
352,academic-product-reddit,3.507,11.652,7.144,2.502,0.795-0.813-0.668,0.949-0.977-0.945
353,academic-product-reddit,3.413,11.728,7.115,2.758,0.796-0.823-0.65,0.96-0.975-0.939
354,academic-product-reddit,3.457,11.641,7.236,2.413,0.743-0.8-0.707,0.959-0.983-0.952
355,academic-product-reddit,3.434,11.754,7.249,2.600,0.754-0.777-0.728,0.953-0.982-0.949
356,academic-product-reddit,3.421,11.817,7.208,2.589,0.762-0.846-0.662,0.96-0.977-0.94
357,academic-product-reddit,3.454,11.770,6.938,2.890,0.682-0.761-0.622,0.963-0.972-0.942
358,academic-product-reddit,3.483,11.775,6.904,2.689,0.783-0.741-0.689,0.962-0.974-0.94
359,academic-product-reddit,3.454,11.766,6.989,2.532,0.766-0.811-0.717,0.952-0.98-0.941
360,academic-product-reddit,3.436,11.729,7.150,2.651,0.793-0.853-0.693,0.957-0.981-0.92
361,academic-product-reddit,3.521,11.818,7.390,2.641,0.735-0.674-0.649,0.955-0.974-0.938
362,academic-product-reddit,3.638,11.706,8.002,3.225,0.773-0.769-0.608,0.96-0.958-0.931
363,academic-product-reddit,3.526,11.777,7.456,2.667,0.789-0.713-0.658,0.964-0.965-0.932
364,academic-product-reddit,3.487,11.715,7.195,2.572,0.754-0.841-0.693,0.956-0.98-0.934
365,academic-product-reddit,3.494,11.747,7.432,2.550,0.845-0.794-0.669,0.951-0.976-0.938
366,academic-product-reddit,3.455,11.713,7.059,2.625,0.744-0.769-0.614,0.963-0.983-0.942
367,academic-product-reddit,3.636,11.812,7.538,2.892,0.742-0.82-0.665,0.949-0.946-0.941
368,academic-product-reddit,3.472,11.724,7.091,2.565,0.778-0.762-0.661,0.955-0.979-0.949
369,academic-product-reddit,3.437,11.701,6.917,2.595,0.811-0.84-0.627,0.96-0.984-0.943
370,academic-product-reddit,3.488,11.745,7.136,2.335,0.781-0.858-0.719,0.954-0.978-0.935
371,academic-product-reddit,3.472,11.653,6.572,2.539,0.805-0.796-0.666,0.96-0.978-0.944
372,academic-product-reddit,3.543,11.702,6.907,2.390,0.795-0.816-0.737,0.95-0.971-0.929
373,academic-product-reddit,3.374,11.673,6.919,2.729,0.783-0.821-0.668,0.964-0.981-0.944
374,academic-product-reddit,3.487,11.780,6.964,2.711,0.848-0.848-0.704,0.944-0.976-0.914
