0,product-academic-reddit,9.680,14.529,99.573,23.275,0.668-0.826-0.705,0.679-0.812-0.67
1,product-academic-reddit,10.226,14.527,106.107,26.818,0.668-0.822-0.692,0.715-0.751-0.668
2,product-academic-reddit,8.719,14.059,107.608,29.012,0.684-0.848-0.693,0.734-0.817-0.682
3,product-academic-reddit,8.965,13.658,110.000,31.228,0.697-0.838-0.643,0.729-0.803-0.629
4,product-academic-reddit,6.864,13.458,109.889,31.795,0.68-0.859-0.691,0.74-0.86-0.708
5,product-academic-reddit,6.157,13.276,108.904,31.837,0.712-0.84-0.732,0.792-0.831-0.741
6,product-academic-reddit,8.335,13.249,107.745,31.661,0.672-0.835-0.68,0.685-0.773-0.631
7,product-academic-reddit,5.902,13.253,106.218,31.101,0.708-0.832-0.676,0.786-0.828-0.679
8,product-academic-reddit,5.434,13.011,104.928,31.218,0.689-0.853-0.728,0.731-0.849-0.711
9,product-academic-reddit,5.314,13.003,102.997,30.577,0.674-0.845-0.7,0.733-0.859-0.74
10,product-academic-reddit,4.718,13.096,101.105,29.852,0.684-0.841-0.725,0.768-0.857-0.745
11,product-academic-reddit,5.341,13.011,99.292,29.422,0.756-0.843-0.712,0.807-0.833-0.737
12,product-academic-reddit,5.043,12.976,97.141,28.218,0.707-0.837-0.699,0.783-0.815-0.766
13,product-academic-reddit,4.730,12.910,95.443,27.903,0.7-0.853-0.725,0.764-0.857-0.77
14,product-academic-reddit,5.635,12.833,93.632,27.869,0.774-0.859-0.714,0.831-0.831-0.728
15,product-academic-reddit,4.582,12.879,91.687,26.741,0.66-0.835-0.725,0.719-0.795-0.742
16,product-academic-reddit,4.914,12.857,89.869,26.849,0.745-0.87-0.731,0.736-0.805-0.741
17,product-academic-reddit,4.594,12.944,87.860,25.740,0.682-0.822-0.659,0.787-0.795-0.711
18,product-academic-reddit,5.291,12.742,86.112,25.060,0.729-0.847-0.701,0.7-0.756-0.66
19,product-academic-reddit,4.321,12.714,84.291,24.652,0.729-0.839-0.728,0.789-0.821-0.751
20,product-academic-reddit,4.278,12.659,82.704,24.029,0.724-0.843-0.678,0.78-0.816-0.741
21,product-academic-reddit,4.538,12.588,81.148,22.618,0.742-0.858-0.717,0.768-0.852-0.737
22,product-academic-reddit,4.525,12.593,79.815,22.470,0.729-0.879-0.694,0.731-0.833-0.691
23,product-academic-reddit,4.238,12.659,78.257,21.802,0.677-0.854-0.742,0.654-0.796-0.733
24,product-academic-reddit,4.082,12.542,76.621,21.979,0.732-0.841-0.689,0.797-0.822-0.797
25,product-academic-reddit,4.257,12.600,75.359,21.684,0.658-0.855-0.731,0.693-0.842-0.792
26,product-academic-reddit,4.294,12.493,74.077,20.469,0.675-0.846-0.698,0.673-0.795-0.681
27,product-academic-reddit,4.096,12.376,73.772,20.460,0.718-0.857-0.727,0.716-0.824-0.693
28,product-academic-reddit,4.159,12.478,72.543,20.878,0.743-0.85-0.705,0.771-0.817-0.744
29,product-academic-reddit,3.940,12.365,71.316,21.000,0.817-0.848-0.743,0.819-0.819-0.717
30,product-academic-reddit,4.137,12.356,70.499,20.472,0.726-0.858-0.706,0.759-0.817-0.687
31,product-academic-reddit,3.961,12.392,69.729,19.762,0.72-0.839-0.725,0.794-0.826-0.741
32,product-academic-reddit,3.936,12.389,68.068,19.549,0.68-0.857-0.699,0.745-0.81-0.745
33,product-academic-reddit,3.858,12.506,67.811,18.231,0.662-0.876-0.758,0.905-0.887-0.812
34,product-academic-reddit,3.845,12.389,66.174,18.861,0.725-0.854-0.717,0.89-0.877-0.762
35,product-academic-reddit,4.022,12.325,65.174,18.084,0.742-0.833-0.681,0.784-0.752-0.676
36,product-academic-reddit,3.837,12.395,64.095,18.683,0.689-0.86-0.73,0.89-0.878-0.791
37,product-academic-reddit,3.845,12.288,63.223,17.590,0.72-0.847-0.751,0.873-0.841-0.824
38,product-academic-reddit,3.925,12.341,62.059,17.656,0.744-0.816-0.696,0.827-0.76-0.756
39,product-academic-reddit,3.830,12.334,61.512,16.884,0.684-0.857-0.68,0.866-0.91-0.805
40,product-academic-reddit,3.784,12.383,60.882,17.011,0.695-0.862-0.728,0.913-0.889-0.873
41,product-academic-reddit,3.802,12.273,59.407,17.074,0.711-0.894-0.682,0.864-0.905-0.842
42,product-academic-reddit,3.774,12.310,58.314,16.646,0.709-0.855-0.726,0.894-0.913-0.854
43,product-academic-reddit,3.758,12.329,58.018,16.204,0.789-0.852-0.749,0.941-0.892-0.834
44,product-academic-reddit,3.722,12.191,56.852,16.094,0.789-0.863-0.769,0.944-0.916-0.885
45,product-academic-reddit,3.824,12.377,55.420,15.258,0.739-0.843-0.739,0.911-0.87-0.857
46,product-academic-reddit,3.713,12.230,54.518,15.389,0.79-0.838-0.718,0.943-0.907-0.839
47,product-academic-reddit,3.836,12.229,53.393,15.174,0.653-0.878-0.786,0.88-0.913-0.836
48,product-academic-reddit,3.695,12.197,52.212,15.009,0.786-0.855-0.76,0.939-0.912-0.877
49,product-academic-reddit,3.859,12.178,51.149,14.184,0.806-0.837-0.739,0.91-0.885-0.842
50,product-academic-reddit,3.717,12.212,49.832,13.726,0.715-0.901-0.709,0.891-0.927-0.856
51,product-academic-reddit,3.749,12.338,49.032,14.205,0.84-0.858-0.712,0.938-0.885-0.851
52,product-academic-reddit,3.790,12.246,47.563,13.453,0.715-0.831-0.748,0.878-0.876-0.857
53,product-academic-reddit,3.751,12.195,46.495,13.274,0.743-0.847-0.737,0.898-0.899-0.877
54,product-academic-reddit,3.856,12.228,45.972,11.929,0.712-0.862-0.683,0.862-0.902-0.776
55,product-academic-reddit,3.660,12.106,45.395,12.226,0.768-0.839-0.724,0.937-0.903-0.869
56,product-academic-reddit,3.673,12.370,44.104,12.068,0.782-0.882-0.718,0.947-0.921-0.892
57,product-academic-reddit,3.777,12.255,43.172,11.632,0.792-0.892-0.714,0.926-0.922-0.818
58,product-academic-reddit,3.754,12.223,42.228,11.492,0.788-0.858-0.678,0.921-0.899-0.818
59,product-academic-reddit,3.754,12.146,41.418,11.366,0.754-0.879-0.727,0.933-0.909-0.87
60,product-academic-reddit,3.748,12.080,40.339,10.962,0.712-0.844-0.768,0.873-0.913-0.831
61,product-academic-reddit,3.744,12.091,39.635,10.622,0.737-0.808-0.749,0.899-0.897-0.838
62,product-academic-reddit,3.721,12.206,38.996,10.733,0.749-0.828-0.758,0.911-0.881-0.867
63,product-academic-reddit,3.647,12.346,38.596,10.269,0.731-0.848-0.764,0.91-0.91-0.9
64,product-academic-reddit,3.748,12.167,37.769,10.170,0.758-0.799-0.713,0.924-0.894-0.856
65,product-academic-reddit,3.652,12.167,36.647,9.960,0.796-0.862-0.744,0.926-0.912-0.871
66,product-academic-reddit,3.684,12.119,35.897,9.626,0.756-0.841-0.73,0.922-0.925-0.874
67,product-academic-reddit,3.733,12.122,35.196,9.585,0.738-0.807-0.686,0.904-0.889-0.834
68,product-academic-reddit,3.753,12.079,34.468,8.942,0.722-0.783-0.67,0.917-0.891-0.847
69,product-academic-reddit,3.721,12.073,34.033,9.271,0.801-0.805-0.754,0.938-0.863-0.859
70,product-academic-reddit,3.676,12.258,33.147,8.982,0.758-0.816-0.774,0.915-0.905-0.898
71,product-academic-reddit,3.583,12.036,33.041,9.514,0.869-0.858-0.682,0.957-0.891-0.851
72,product-academic-reddit,3.702,12.179,31.573,8.359,0.79-0.794-0.795,0.937-0.914-0.855
73,product-academic-reddit,3.614,12.157,30.939,7.904,0.755-0.88-0.782,0.937-0.933-0.874
74,product-academic-reddit,3.586,12.139,30.048,8.294,0.752-0.876-0.716,0.929-0.948-0.89
75,product-academic-reddit,3.629,12.202,29.400,8.281,0.777-0.801-0.642,0.933-0.898-0.887
76,product-academic-reddit,3.691,12.145,28.836,7.453,0.702-0.843-0.699,0.934-0.926-0.887
77,product-academic-reddit,3.645,12.096,27.849,7.597,0.71-0.87-0.722,0.91-0.923-0.882
78,product-academic-reddit,3.649,12.084,27.856,7.009,0.746-0.823-0.709,0.95-0.926-0.909
79,product-academic-reddit,3.567,12.049,27.069,7.413,0.78-0.843-0.705,0.945-0.934-0.866
80,product-academic-reddit,3.613,12.120,26.803,7.196,0.771-0.812-0.743,0.95-0.93-0.9
81,product-academic-reddit,3.516,12.120,25.946,7.106,0.823-0.853-0.731,0.963-0.93-0.888
82,product-academic-reddit,3.444,12.055,25.344,7.185,0.869-0.82-0.727,0.966-0.911-0.894
83,product-academic-reddit,3.631,12.042,24.652,6.793,0.759-0.852-0.729,0.941-0.928-0.887
84,product-academic-reddit,3.576,12.028,24.650,6.352,0.75-0.832-0.762,0.956-0.931-0.888
85,product-academic-reddit,3.449,12.185,23.647,6.527,0.834-0.829-0.715,0.966-0.937-0.899
86,product-academic-reddit,3.452,12.151,23.200,6.561,0.778-0.861-0.669,0.956-0.936-0.9
87,product-academic-reddit,3.450,12.227,22.537,6.454,0.821-0.826-0.753,0.963-0.945-0.905
88,product-academic-reddit,3.603,12.138,22.174,6.162,0.738-0.83-0.714,0.939-0.922-0.895
89,product-academic-reddit,3.515,12.042,21.442,5.835,0.776-0.84-0.678,0.958-0.939-0.913
90,product-academic-reddit,3.505,12.147,20.820,5.916,0.746-0.841-0.718,0.941-0.938-0.888
91,product-academic-reddit,3.602,12.088,20.481,5.527,0.713-0.808-0.77,0.958-0.941-0.904
92,product-academic-reddit,3.442,12.025,20.068,5.374,0.775-0.84-0.776,0.946-0.941-0.938
93,product-academic-reddit,3.490,12.093,19.606,5.255,0.8-0.816-0.723,0.962-0.93-0.917
94,product-academic-reddit,3.415,12.017,19.155,5.390,0.885-0.84-0.73,0.981-0.948-0.916
95,product-academic-reddit,3.328,12.079,18.758,5.590,0.781-0.874-0.684,0.962-0.966-0.912
96,product-academic-reddit,3.510,12.034,18.254,5.507,0.688-0.859-0.751,0.961-0.945-0.919
97,product-academic-reddit,3.385,11.942,17.987,5.505,0.803-0.884-0.799,0.973-0.95-0.935
98,product-academic-reddit,3.466,12.117,17.338,5.154,0.802-0.816-0.683,0.969-0.939-0.898
99,product-academic-reddit,3.387,12.077,16.895,5.153,0.78-0.834-0.725,0.967-0.958-0.918
100,product-academic-reddit,3.474,12.074,16.505,5.144,0.685-0.842-0.794,0.952-0.952-0.91
101,product-academic-reddit,3.435,12.172,16.260,4.614,0.828-0.859-0.718,0.969-0.937-0.903
102,product-academic-reddit,3.405,11.958,15.765,5.049,0.813-0.849-0.761,0.976-0.941-0.9
103,product-academic-reddit,3.443,12.046,15.657,4.596,0.758-0.859-0.69,0.961-0.949-0.896
104,product-academic-reddit,3.435,11.980,15.324,5.023,0.821-0.838-0.724,0.963-0.95-0.919
105,product-academic-reddit,3.479,11.895,14.704,4.389,0.8-0.823-0.674,0.98-0.945-0.93
106,product-academic-reddit,3.352,12.092,14.605,5.105,0.808-0.812-0.709,0.971-0.952-0.923
107,product-academic-reddit,3.453,12.083,14.803,4.477,0.774-0.793-0.707,0.974-0.924-0.916
108,product-academic-reddit,3.464,11.935,13.915,4.408,0.76-0.813-0.633,0.969-0.944-0.913
109,product-academic-reddit,3.483,12.002,13.703,4.023,0.791-0.832-0.738,0.975-0.957-0.929
110,product-academic-reddit,3.467,12.140,13.544,3.860,0.807-0.853-0.703,0.969-0.949-0.926
111,product-academic-reddit,3.442,12.111,13.727,4.136,0.811-0.852-0.665,0.974-0.957-0.921
112,product-academic-reddit,3.460,11.999,13.110,3.851,0.738-0.845-0.718,0.972-0.953-0.935
113,product-academic-reddit,3.327,11.975,12.940,3.776,0.811-0.827-0.75,0.975-0.956-0.941
114,product-academic-reddit,3.433,12.089,12.868,4.164,0.821-0.831-0.809,0.972-0.953-0.917
115,product-academic-reddit,3.504,11.992,12.927,3.936,0.8-0.797-0.737,0.972-0.951-0.902
116,product-academic-reddit,3.369,12.030,12.366,3.789,0.753-0.823-0.718,0.973-0.96-0.929
117,product-academic-reddit,3.455,11.954,12.383,3.753,0.815-0.821-0.728,0.979-0.947-0.923
118,product-academic-reddit,3.471,12.006,12.547,3.699,0.727-0.847-0.68,0.97-0.949-0.928
119,product-academic-reddit,3.391,12.015,12.348,3.715,0.769-0.811-0.678,0.968-0.96-0.921
120,product-academic-reddit,3.352,12.041,12.103,3.893,0.822-0.791-0.732,0.975-0.956-0.936
121,product-academic-reddit,3.322,12.010,12.651,3.756,0.852-0.85-0.769,0.97-0.947-0.936
122,product-academic-reddit,3.394,11.971,11.790,3.566,0.791-0.819-0.708,0.975-0.954-0.937
123,product-academic-reddit,3.629,12.024,11.845,3.924,0.346-0.838-0.717,0.924-0.951-0.929
124,product-academic-reddit,3.318,11.942,11.649,3.694,0.777-0.794-0.677,0.978-0.956-0.947
125,product-academic-reddit,3.444,12.012,11.833,3.569,0.721-0.859-0.686,0.973-0.955-0.932
126,product-academic-reddit,3.358,12.055,11.059,3.688,0.781-0.845-0.752,0.973-0.956-0.934
127,product-academic-reddit,3.415,12.036,11.539,3.721,0.788-0.857-0.708,0.978-0.951-0.93
128,product-academic-reddit,3.319,12.156,12.240,4.399,0.91-0.87-0.647,0.979-0.959-0.935
129,product-academic-reddit,3.387,12.007,11.509,3.526,0.809-0.773-0.74,0.981-0.953-0.935
130,product-academic-reddit,3.473,11.959,11.289,3.029,0.813-0.835-0.741,0.975-0.951-0.936
131,product-academic-reddit,3.546,12.049,11.602,3.224,0.767-0.8-0.662,0.97-0.953-0.937
132,product-academic-reddit,3.409,12.003,11.191,3.711,0.823-0.839-0.722,0.977-0.955-0.938
133,product-academic-reddit,3.451,11.971,10.747,3.462,0.809-0.83-0.676,0.97-0.958-0.923
134,product-academic-reddit,3.447,12.140,10.827,3.327,0.809-0.826-0.751,0.975-0.946-0.933
135,product-academic-reddit,3.308,11.995,11.319,4.936,0.842-0.777-0.684,0.979-0.957-0.934
136,product-academic-reddit,3.447,12.086,10.728,3.140,0.738-0.814-0.665,0.969-0.967-0.947
137,product-academic-reddit,3.358,11.992,10.526,3.294,0.817-0.851-0.785,0.982-0.962-0.934
138,product-academic-reddit,3.351,12.009,10.808,3.301,0.792-0.822-0.726,0.98-0.953-0.943
139,product-academic-reddit,3.332,12.034,10.822,3.241,0.801-0.751-0.76,0.976-0.957-0.944
140,product-academic-reddit,3.390,11.933,10.288,3.059,0.822-0.777-0.723,0.978-0.951-0.93
141,product-academic-reddit,3.394,12.012,10.355,3.446,0.808-0.806-0.753,0.975-0.956-0.931
142,product-academic-reddit,3.331,12.007,10.224,3.303,0.836-0.809-0.777,0.98-0.954-0.943
143,product-academic-reddit,3.470,11.984,10.567,3.139,0.817-0.822-0.693,0.977-0.961-0.938
144,product-academic-reddit,3.242,11.969,9.797,3.678,0.847-0.795-0.677,0.977-0.957-0.945
145,product-academic-reddit,3.405,11.934,10.165,3.415,0.835-0.78-0.689,0.981-0.956-0.933
146,product-academic-reddit,3.404,12.099,9.814,3.176,0.709-0.852-0.721,0.969-0.968-0.932
147,product-academic-reddit,3.364,11.948,10.440,3.114,0.764-0.854-0.787,0.977-0.966-0.944
148,product-academic-reddit,3.433,12.070,10.494,3.137,0.779-0.835-0.728,0.972-0.959-0.943
149,product-academic-reddit,3.421,12.005,10.053,3.027,0.778-0.773-0.683,0.978-0.963-0.943
150,product-academic-reddit,3.415,11.921,9.903,2.843,0.757-0.789-0.623,0.977-0.957-0.939
151,product-academic-reddit,3.392,11.988,9.680,3.517,0.832-0.84-0.77,0.962-0.954-0.933
152,product-academic-reddit,3.253,11.915,10.042,3.641,0.81-0.814-0.768,0.979-0.961-0.959
153,product-academic-reddit,3.428,11.927,9.732,3.317,0.763-0.774-0.647,0.975-0.951-0.927
154,product-academic-reddit,3.319,12.068,9.468,3.141,0.83-0.818-0.745,0.979-0.956-0.951
155,product-academic-reddit,3.446,12.028,9.387,3.139,0.796-0.798-0.666,0.973-0.96-0.936
