0,academic-reddit-yelp,7.072,15.492,104.753,24.705,0.853-0.71-0.693,0.851-0.726-0.675
1,academic-reddit-yelp,6.623,14.238,113.870,27.561,0.843-0.682-0.701,0.812-0.685-0.675
2,academic-reddit-yelp,5.557,13.816,118.216,30.318,0.842-0.74-0.713,0.867-0.75-0.666
3,academic-reddit-yelp,6.130,13.504,120.937,31.380,0.841-0.698-0.753,0.832-0.716-0.716
4,academic-reddit-yelp,7.353,13.396,122.071,32.872,0.864-0.735-0.693,0.874-0.745-0.626
5,academic-reddit-yelp,5.752,13.289,121.347,32.555,0.813-0.749-0.651,0.77-0.739-0.637
6,academic-reddit-yelp,6.863,13.274,119.724,32.541,0.852-0.679-0.723,0.806-0.669-0.651
7,academic-reddit-yelp,5.624,13.233,117.516,31.800,0.812-0.737-0.73,0.794-0.743-0.712
8,academic-reddit-yelp,5.340,13.134,115.410,31.098,0.805-0.678-0.767,0.742-0.741-0.716
9,academic-reddit-yelp,5.408,13.014,113.095,30.294,0.811-0.711-0.716,0.773-0.731-0.669
10,academic-reddit-yelp,4.471,13.089,111.235,29.600,0.819-0.707-0.692,0.823-0.793-0.749
11,academic-reddit-yelp,4.513,12.942,108.997,29.366,0.85-0.778-0.743,0.863-0.781-0.735
12,academic-reddit-yelp,4.196,13.004,106.560,28.617,0.84-0.719-0.671,0.87-0.79-0.747
13,academic-reddit-yelp,5.410,12.908,104.403,28.071,0.854-0.736-0.724,0.849-0.753-0.62
14,academic-reddit-yelp,4.221,12.928,102.437,27.689,0.834-0.781-0.688,0.864-0.801-0.682
15,academic-reddit-yelp,4.038,12.812,100.127,26.941,0.855-0.728-0.73,0.871-0.798-0.778
16,academic-reddit-yelp,4.290,12.754,97.690,26.169,0.894-0.706-0.717,0.908-0.793-0.719
17,academic-reddit-yelp,4.237,12.806,95.587,25.469,0.838-0.703-0.707,0.872-0.84-0.723
18,academic-reddit-yelp,4.132,12.632,93.359,25.179,0.852-0.722-0.76,0.871-0.743-0.78
19,academic-reddit-yelp,4.287,12.653,91.106,23.969,0.832-0.676-0.731,0.849-0.749-0.776
20,academic-reddit-yelp,4.068,12.630,88.901,23.718,0.836-0.736-0.664,0.895-0.806-0.744
21,academic-reddit-yelp,4.181,12.587,86.829,22.758,0.834-0.808-0.673,0.865-0.867-0.747
22,academic-reddit-yelp,4.194,12.639,84.600,22.245,0.85-0.704-0.71,0.901-0.812-0.82
23,academic-reddit-yelp,4.099,12.413,82.667,21.912,0.842-0.699-0.713,0.848-0.804-0.683
24,academic-reddit-yelp,4.029,12.400,80.639,21.130,0.853-0.703-0.724,0.867-0.859-0.771
25,academic-reddit-yelp,4.323,12.431,78.705,20.958,0.86-0.713-0.63,0.883-0.764-0.602
26,academic-reddit-yelp,3.979,12.353,76.691,20.163,0.855-0.79-0.726,0.909-0.831-0.765
27,academic-reddit-yelp,4.048,12.382,74.779,19.367,0.795-0.726-0.685,0.86-0.805-0.77
28,academic-reddit-yelp,4.095,12.423,73.147,19.590,0.811-0.7-0.629,0.845-0.737-0.697
29,academic-reddit-yelp,4.069,12.335,71.062,18.646,0.845-0.676-0.757,0.825-0.742-0.737
30,academic-reddit-yelp,4.061,12.318,69.491,18.518,0.803-0.791-0.652,0.824-0.765-0.596
31,academic-reddit-yelp,4.045,12.303,67.667,17.698,0.846-0.748-0.654,0.85-0.803-0.675
32,academic-reddit-yelp,4.083,12.197,66.072,17.562,0.861-0.775-0.726,0.849-0.788-0.598
33,academic-reddit-yelp,3.994,12.229,64.393,16.595,0.836-0.81-0.72,0.853-0.826-0.655
34,academic-reddit-yelp,4.096,12.234,62.779,16.139,0.886-0.768-0.714,0.86-0.803-0.658
35,academic-reddit-yelp,4.117,12.162,61.281,15.569,0.833-0.743-0.697,0.792-0.807-0.7
36,academic-reddit-yelp,4.034,12.189,59.950,15.707,0.863-0.763-0.688,0.84-0.764-0.659
37,academic-reddit-yelp,3.852,12.240,58.262,14.957,0.868-0.736-0.691,0.92-0.874-0.827
38,academic-reddit-yelp,4.041,12.275,56.742,14.529,0.84-0.798-0.662,0.845-0.828-0.617
39,academic-reddit-yelp,4.025,12.152,55.248,14.122,0.86-0.743-0.695,0.856-0.779-0.617
40,academic-reddit-yelp,3.903,12.151,54.033,14.122,0.856-0.744-0.665,0.917-0.853-0.774
41,academic-reddit-yelp,3.944,12.199,52.637,13.281,0.858-0.742-0.756,0.882-0.848-0.743
42,academic-reddit-yelp,3.991,12.150,51.572,13.478,0.85-0.771-0.679,0.843-0.809-0.654
43,academic-reddit-yelp,3.896,12.091,49.946,12.611,0.821-0.762-0.761,0.878-0.85-0.82
44,academic-reddit-yelp,3.984,12.146,48.655,12.307,0.839-0.704-0.709,0.904-0.836-0.813
45,academic-reddit-yelp,3.855,12.185,47.457,11.855,0.858-0.788-0.676,0.916-0.923-0.863
46,academic-reddit-yelp,3.987,12.104,46.165,11.748,0.842-0.714-0.643,0.901-0.837-0.726
47,academic-reddit-yelp,3.738,12.114,44.974,11.471,0.849-0.763-0.681,0.93-0.903-0.892
48,academic-reddit-yelp,3.886,12.177,44.029,11.205,0.822-0.745-0.685,0.929-0.85-0.859
49,academic-reddit-yelp,3.910,12.102,42.766,10.634,0.867-0.697-0.679,0.929-0.874-0.873
50,academic-reddit-yelp,3.950,12.130,41.554,10.376,0.844-0.757-0.595,0.897-0.867-0.767
51,academic-reddit-yelp,3.821,12.090,40.736,10.382,0.852-0.752-0.681,0.917-0.859-0.887
52,academic-reddit-yelp,3.854,12.132,39.797,10.036,0.843-0.782-0.617,0.914-0.866-0.777
53,academic-reddit-yelp,3.727,12.022,38.745,9.648,0.873-0.739-0.661,0.935-0.916-0.91
54,academic-reddit-yelp,3.996,12.033,38.076,9.489,0.808-0.734-0.657,0.864-0.877-0.701
55,academic-reddit-yelp,3.842,11.985,37.051,9.196,0.83-0.708-0.624,0.917-0.872-0.906
56,academic-reddit-yelp,3.787,12.104,36.224,9.340,0.851-0.735-0.634,0.949-0.872-0.839
57,academic-reddit-yelp,3.841,12.057,35.296,8.894,0.849-0.72-0.675,0.905-0.869-0.851
58,academic-reddit-yelp,3.790,12.129,35.135,8.962,0.85-0.776-0.64,0.908-0.881-0.903
59,academic-reddit-yelp,3.842,12.018,34.388,8.466,0.835-0.751-0.662,0.896-0.873-0.855
60,academic-reddit-yelp,3.782,12.054,33.454,8.458,0.897-0.743-0.695,0.925-0.886-0.882
61,academic-reddit-yelp,3.808,12.039,32.838,8.333,0.849-0.773-0.556,0.911-0.884-0.838
62,academic-reddit-yelp,3.775,12.020,31.913,8.151,0.817-0.74-0.68,0.926-0.895-0.884
63,academic-reddit-yelp,3.798,12.011,31.589,8.155,0.793-0.794-0.629,0.906-0.911-0.862
64,academic-reddit-yelp,3.803,12.037,31.328,8.011,0.812-0.768-0.683,0.916-0.892-0.857
65,academic-reddit-yelp,3.816,12.030,31.349,7.481,0.817-0.753-0.638,0.919-0.872-0.832
66,academic-reddit-yelp,3.794,11.972,30.922,7.555,0.817-0.752-0.616,0.913-0.879-0.873
67,academic-reddit-yelp,3.783,12.015,30.309,7.192,0.857-0.776-0.641,0.929-0.86-0.846
68,academic-reddit-yelp,3.773,11.952,29.825,7.470,0.897-0.728-0.582,0.942-0.888-0.855
69,academic-reddit-yelp,3.804,12.020,28.787,6.825,0.831-0.757-0.657,0.923-0.901-0.857
70,academic-reddit-yelp,3.769,12.001,28.441,7.034,0.859-0.777-0.668,0.921-0.886-0.836
71,academic-reddit-yelp,3.817,12.011,27.484,6.775,0.829-0.731-0.584,0.906-0.889-0.849
72,academic-reddit-yelp,3.816,11.992,26.814,6.522,0.837-0.749-0.591,0.903-0.918-0.822
73,academic-reddit-yelp,3.882,12.093,26.221,6.535,0.873-0.801-0.621,0.913-0.864-0.804
74,academic-reddit-yelp,3.807,12.059,25.773,6.403,0.84-0.705-0.615,0.915-0.896-0.864
75,academic-reddit-yelp,3.845,11.905,25.090,6.173,0.853-0.752-0.581,0.91-0.883-0.846
76,academic-reddit-yelp,3.773,12.013,24.562,6.112,0.836-0.707-0.673,0.928-0.889-0.872
77,academic-reddit-yelp,3.905,11.950,23.975,6.012,0.816-0.757-0.604,0.898-0.856-0.811
78,academic-reddit-yelp,3.779,12.001,23.585,5.871,0.842-0.727-0.657,0.933-0.884-0.876
79,academic-reddit-yelp,3.796,11.975,23.057,5.869,0.86-0.754-0.554,0.924-0.902-0.824
80,academic-reddit-yelp,3.815,11.952,22.615,5.719,0.845-0.743-0.638,0.917-0.89-0.828
81,academic-reddit-yelp,3.721,12.041,22.306,5.836,0.807-0.756-0.581,0.931-0.925-0.82
82,academic-reddit-yelp,3.742,12.069,21.928,5.794,0.827-0.748-0.594,0.933-0.904-0.844
83,academic-reddit-yelp,3.771,11.846,21.220,5.398,0.864-0.713-0.645,0.924-0.899-0.841
84,academic-reddit-yelp,3.630,11.948,20.877,5.377,0.901-0.759-0.652,0.965-0.88-0.852
85,academic-reddit-yelp,3.739,11.982,20.157,5.133,0.817-0.711-0.638,0.931-0.902-0.859
86,academic-reddit-yelp,3.818,11.856,19.958,5.103,0.801-0.782-0.565,0.929-0.881-0.798
87,academic-reddit-yelp,3.762,11.968,19.365,4.845,0.834-0.75-0.64,0.937-0.903-0.862
88,academic-reddit-yelp,3.645,11.910,18.978,4.890,0.808-0.785-0.571,0.934-0.913-0.857
89,academic-reddit-yelp,3.780,11.932,18.687,4.792,0.799-0.765-0.59,0.926-0.895-0.878
90,academic-reddit-yelp,3.688,11.903,18.181,4.631,0.838-0.738-0.595,0.936-0.916-0.856
91,academic-reddit-yelp,3.800,11.978,17.977,4.738,0.797-0.795-0.577,0.934-0.911-0.84
92,academic-reddit-yelp,3.602,11.882,17.487,4.646,0.83-0.721-0.558,0.939-0.901-0.872
93,academic-reddit-yelp,3.553,11.890,17.024,4.505,0.897-0.747-0.581,0.968-0.9-0.842
94,academic-reddit-yelp,3.643,11.889,16.655,4.326,0.839-0.753-0.594,0.94-0.906-0.871
95,academic-reddit-yelp,3.767,11.839,16.452,4.250,0.816-0.736-0.575,0.934-0.906-0.88
96,academic-reddit-yelp,3.731,12.018,16.116,4.252,0.813-0.758-0.621,0.934-0.896-0.885
97,academic-reddit-yelp,3.639,11.918,15.760,4.135,0.86-0.801-0.673,0.945-0.917-0.875
98,academic-reddit-yelp,3.688,11.995,15.404,3.965,0.81-0.739-0.578,0.946-0.918-0.889
99,academic-reddit-yelp,3.723,11.845,14.991,3.944,0.78-0.719-0.555,0.915-0.899-0.819
100,academic-reddit-yelp,3.721,11.864,14.781,3.911,0.833-0.78-0.528,0.935-0.911-0.862
101,academic-reddit-yelp,3.754,11.869,14.390,3.672,0.814-0.7-0.625,0.923-0.895-0.89
102,academic-reddit-yelp,3.672,11.904,14.173,3.680,0.829-0.736-0.618,0.934-0.898-0.893
103,academic-reddit-yelp,3.674,11.884,13.904,3.657,0.817-0.72-0.571,0.933-0.917-0.886
104,academic-reddit-yelp,3.625,11.940,13.663,3.670,0.833-0.769-0.55,0.948-0.916-0.859
105,academic-reddit-yelp,3.708,11.924,13.400,3.547,0.816-0.751-0.567,0.93-0.876-0.866
106,academic-reddit-yelp,3.615,11.867,13.332,3.720,0.82-0.733-0.538,0.943-0.909-0.904
107,academic-reddit-yelp,3.557,11.838,12.873,3.463,0.77-0.729-0.546,0.948-0.923-0.918
108,academic-reddit-yelp,3.605,11.805,12.874,3.631,0.829-0.76-0.584,0.937-0.913-0.903
109,academic-reddit-yelp,3.646,11.897,12.571,3.430,0.8-0.734-0.671,0.925-0.914-0.906
110,academic-reddit-yelp,3.633,11.846,12.133,3.326,0.825-0.792-0.58,0.929-0.917-0.909
111,academic-reddit-yelp,3.672,11.845,11.964,3.210,0.841-0.789-0.575,0.94-0.896-0.89
112,academic-reddit-yelp,3.736,11.810,11.675,3.111,0.808-0.777-0.538,0.935-0.921-0.873
113,academic-reddit-yelp,3.612,11.944,11.303,2.985,0.816-0.724-0.57,0.942-0.914-0.911
114,academic-reddit-yelp,3.596,11.941,11.256,2.999,0.847-0.73-0.541,0.946-0.932-0.91
115,academic-reddit-yelp,3.574,11.930,11.131,3.051,0.823-0.727-0.575,0.949-0.935-0.888
116,academic-reddit-yelp,3.527,11.881,10.827,2.956,0.816-0.745-0.613,0.954-0.926-0.936
117,academic-reddit-yelp,3.510,11.904,10.635,2.899,0.822-0.738-0.602,0.949-0.925-0.901
118,academic-reddit-yelp,3.591,11.873,10.555,2.932,0.83-0.739-0.536,0.947-0.929-0.907
119,academic-reddit-yelp,3.514,11.844,10.257,2.933,0.814-0.81-0.607,0.95-0.932-0.926
120,academic-reddit-yelp,3.726,11.840,10.086,2.796,0.835-0.718-0.531,0.934-0.913-0.882
121,academic-reddit-yelp,3.541,11.839,9.899,2.731,0.857-0.758-0.579,0.953-0.934-0.919
122,academic-reddit-yelp,3.730,11.930,9.706,2.632,0.833-0.744-0.58,0.935-0.912-0.88
123,academic-reddit-yelp,3.471,11.867,9.555,2.695,0.809-0.759-0.628,0.956-0.925-0.938
124,academic-reddit-yelp,3.589,11.873,9.508,2.698,0.834-0.782-0.546,0.941-0.922-0.913
125,academic-reddit-yelp,3.721,11.932,9.284,2.628,0.806-0.729-0.558,0.934-0.91-0.894
126,academic-reddit-yelp,3.683,11.858,9.042,2.490,0.808-0.739-0.505,0.938-0.921-0.855
127,academic-reddit-yelp,3.507,11.890,9.012,2.536,0.805-0.698-0.617,0.95-0.926-0.931
128,academic-reddit-yelp,3.553,11.836,8.853,2.523,0.806-0.748-0.539,0.95-0.922-0.925
129,academic-reddit-yelp,3.495,11.863,8.716,2.554,0.767-0.78-0.537,0.954-0.941-0.912
130,academic-reddit-yelp,3.493,11.837,8.448,2.383,0.831-0.749-0.596,0.952-0.94-0.944
131,academic-reddit-yelp,3.529,11.857,8.555,2.438,0.775-0.671-0.523,0.959-0.934-0.932
132,academic-reddit-yelp,3.432,11.843,8.387,2.397,0.786-0.745-0.508,0.958-0.938-0.941
133,academic-reddit-yelp,3.518,11.888,8.225,2.370,0.804-0.703-0.539,0.959-0.929-0.924
134,academic-reddit-yelp,3.593,11.832,8.090,2.301,0.812-0.747-0.573,0.952-0.93-0.927
135,academic-reddit-yelp,3.743,11.815,8.031,2.318,0.76-0.742-0.488,0.936-0.917-0.847
136,academic-reddit-yelp,3.680,11.803,7.822,2.273,0.79-0.688-0.49,0.947-0.917-0.904
137,academic-reddit-yelp,3.530,11.868,7.750,2.214,0.805-0.716-0.644,0.959-0.937-0.922
138,academic-reddit-yelp,3.569,11.861,7.682,2.236,0.829-0.738-0.553,0.945-0.93-0.928
139,academic-reddit-yelp,3.581,11.835,7.570,2.283,0.816-0.757-0.545,0.948-0.937-0.929
140,academic-reddit-yelp,3.673,11.924,7.644,2.295,0.801-0.767-0.51,0.932-0.909-0.888
141,academic-reddit-yelp,3.715,11.828,7.413,2.125,0.808-0.64-0.515,0.948-0.914-0.889
142,academic-reddit-yelp,3.461,11.927,7.368,2.152,0.81-0.703-0.527,0.96-0.937-0.944
143,academic-reddit-yelp,3.555,11.849,7.310,2.131,0.851-0.664-0.549,0.96-0.93-0.934
144,academic-reddit-yelp,3.554,11.821,7.223,2.167,0.815-0.675-0.514,0.947-0.945-0.937
145,academic-reddit-yelp,3.476,11.862,7.423,2.307,0.759-0.713-0.514,0.947-0.942-0.935
146,academic-reddit-yelp,3.575,11.870,7.118,2.055,0.803-0.719-0.533,0.953-0.928-0.932
147,academic-reddit-yelp,3.558,11.880,6.967,2.031,0.843-0.7-0.514,0.956-0.928-0.934
148,academic-reddit-yelp,3.522,11.867,7.078,2.101,0.83-0.66-0.547,0.956-0.935-0.95
149,academic-reddit-yelp,3.646,11.842,7.020,2.155,0.723-0.662-0.533,0.931-0.91-0.905
150,academic-reddit-yelp,3.505,11.810,6.826,2.002,0.818-0.685-0.49,0.958-0.941-0.937
151,academic-reddit-yelp,3.504,11.815,6.888,2.055,0.847-0.709-0.517,0.956-0.935-0.936
152,academic-reddit-yelp,3.550,11.750,6.791,2.006,0.813-0.695-0.518,0.953-0.943-0.927
153,academic-reddit-yelp,3.508,11.784,6.792,1.982,0.847-0.746-0.536,0.959-0.945-0.935
154,academic-reddit-yelp,3.554,11.780,6.746,2.037,0.807-0.727-0.414,0.947-0.936-0.922
155,academic-reddit-yelp,3.670,11.769,6.711,1.986,0.833-0.643-0.448,0.949-0.909-0.85
156,academic-reddit-yelp,3.458,11.906,6.759,2.145,0.773-0.754-0.476,0.955-0.94-0.935
157,academic-reddit-yelp,3.524,11.794,6.512,1.932,0.836-0.738-0.498,0.958-0.94-0.92
158,academic-reddit-yelp,3.521,11.776,6.536,1.915,0.864-0.725-0.551,0.957-0.941-0.941
159,academic-reddit-yelp,3.462,11.782,6.513,1.954,0.805-0.752-0.531,0.959-0.941-0.942
160,academic-reddit-yelp,3.472,11.807,6.613,2.006,0.758-0.697-0.563,0.966-0.928-0.927
161,academic-reddit-yelp,3.510,11.776,6.374,1.958,0.802-0.701-0.501,0.951-0.947-0.934
162,academic-reddit-yelp,3.501,11.800,6.384,1.943,0.812-0.713-0.509,0.959-0.943-0.939
163,academic-reddit-yelp,3.434,11.775,6.452,1.995,0.844-0.722-0.618,0.955-0.951-0.943
164,academic-reddit-yelp,3.519,11.725,6.284,1.921,0.8-0.684-0.461,0.955-0.939-0.949
165,academic-reddit-yelp,3.365,11.767,6.386,2.023,0.813-0.715-0.502,0.96-0.947-0.954
166,academic-reddit-yelp,3.531,11.756,6.246,1.893,0.82-0.694-0.548,0.959-0.939-0.927
167,academic-reddit-yelp,3.532,11.765,6.167,1.848,0.82-0.717-0.558,0.957-0.948-0.927
168,academic-reddit-yelp,3.478,11.810,6.333,1.881,0.782-0.737-0.539,0.96-0.934-0.94
169,academic-reddit-yelp,3.565,11.776,6.232,1.893,0.769-0.695-0.475,0.952-0.944-0.921
170,academic-reddit-yelp,3.543,11.779,6.149,1.810,0.796-0.714-0.478,0.946-0.921-0.946
171,academic-reddit-yelp,3.453,11.769,6.178,1.817,0.803-0.676-0.524,0.958-0.938-0.948
172,academic-reddit-yelp,3.479,11.739,6.244,1.923,0.787-0.755-0.463,0.952-0.954-0.935
173,academic-reddit-yelp,3.633,11.792,6.166,1.847,0.805-0.66-0.445,0.953-0.912-0.903
174,academic-reddit-yelp,3.495,11.801,6.161,1.873,0.779-0.723-0.499,0.956-0.944-0.948
175,academic-reddit-yelp,3.516,11.748,6.096,1.816,0.805-0.683-0.533,0.952-0.931-0.944
176,academic-reddit-yelp,3.464,11.764,6.088,1.832,0.797-0.703-0.505,0.964-0.941-0.943
177,academic-reddit-yelp,3.563,11.788,6.094,1.811,0.786-0.695-0.493,0.959-0.936-0.935
178,academic-reddit-yelp,3.487,11.725,6.031,1.735,0.819-0.724-0.517,0.957-0.938-0.939
179,academic-reddit-yelp,3.495,11.745,6.165,1.926,0.779-0.68-0.508,0.964-0.932-0.949
180,academic-reddit-yelp,3.458,11.759,6.059,1.897,0.839-0.631-0.484,0.954-0.945-0.947
181,academic-reddit-yelp,3.454,11.798,6.121,1.849,0.764-0.696-0.468,0.966-0.921-0.94
182,academic-reddit-yelp,3.452,11.722,6.142,1.799,0.767-0.705-0.466,0.958-0.949-0.945
183,academic-reddit-yelp,3.523,11.740,5.991,1.891,0.823-0.71-0.485,0.952-0.938-0.941
184,academic-reddit-yelp,3.500,11.687,5.898,1.797,0.771-0.67-0.505,0.957-0.939-0.939
185,academic-reddit-yelp,3.523,11.788,5.826,1.806,0.81-0.712-0.495,0.96-0.94-0.944
186,academic-reddit-yelp,3.462,11.761,5.936,1.735,0.798-0.688-0.518,0.959-0.931-0.944
187,academic-reddit-yelp,3.484,11.818,5.859,1.705,0.77-0.655-0.498,0.962-0.935-0.946
188,academic-reddit-yelp,3.606,11.738,5.836,1.679,0.79-0.71-0.451,0.952-0.928-0.93
189,academic-reddit-yelp,3.492,11.789,5.998,1.801,0.744-0.717-0.457,0.96-0.947-0.937
190,academic-reddit-yelp,3.530,11.722,5.937,1.744,0.799-0.679-0.491,0.953-0.929-0.949
191,academic-reddit-yelp,3.454,11.787,5.962,1.913,0.764-0.71-0.52,0.962-0.944-0.944
192,academic-reddit-yelp,3.516,11.811,5.826,1.738,0.751-0.684-0.474,0.961-0.937-0.953
193,academic-reddit-yelp,3.485,11.802,5.801,1.790,0.785-0.696-0.505,0.959-0.939-0.939
194,academic-reddit-yelp,3.525,11.763,5.883,1.810,0.803-0.741-0.488,0.953-0.941-0.945
195,academic-reddit-yelp,3.513,11.638,5.724,1.728,0.801-0.673-0.479,0.96-0.935-0.939
196,academic-reddit-yelp,3.463,11.720,5.680,1.687,0.809-0.675-0.404,0.968-0.939-0.951
197,academic-reddit-yelp,3.437,11.773,5.775,1.810,0.797-0.703-0.501,0.964-0.949-0.945
198,academic-reddit-yelp,3.504,11.788,5.779,1.740,0.825-0.677-0.426,0.955-0.937-0.953
199,academic-reddit-yelp,3.511,11.735,5.814,1.735,0.798-0.714-0.476,0.962-0.938-0.938
200,academic-reddit-yelp,3.436,11.792,5.794,1.807,0.8-0.738-0.44,0.969-0.932-0.945
201,academic-reddit-yelp,3.423,11.769,5.902,1.788,0.79-0.694-0.49,0.967-0.952-0.945
202,academic-reddit-yelp,3.492,11.749,5.661,1.736,0.808-0.659-0.441,0.96-0.933-0.947
203,academic-reddit-yelp,3.457,11.777,5.759,1.798,0.73-0.701-0.48,0.97-0.942-0.937
204,academic-reddit-yelp,3.480,11.743,5.774,1.682,0.78-0.727-0.463,0.959-0.948-0.94
205,academic-reddit-yelp,3.556,11.789,5.699,1.677,0.765-0.665-0.459,0.958-0.934-0.93
206,academic-reddit-yelp,3.464,11.782,5.614,1.800,0.806-0.673-0.437,0.959-0.941-0.942
207,academic-reddit-yelp,3.508,11.731,5.792,1.772,0.833-0.71-0.505,0.96-0.944-0.939
208,academic-reddit-yelp,3.526,11.786,5.743,1.767,0.805-0.674-0.424,0.953-0.938-0.942
209,academic-reddit-yelp,3.519,11.753,5.712,1.704,0.8-0.681-0.468,0.962-0.941-0.946
210,academic-reddit-yelp,3.448,11.711,5.748,1.655,0.778-0.684-0.436,0.962-0.945-0.953
211,academic-reddit-yelp,3.504,11.755,5.706,1.743,0.762-0.686-0.484,0.964-0.947-0.935
212,academic-reddit-yelp,3.523,11.720,5.613,1.625,0.806-0.685-0.44,0.952-0.925-0.95
213,academic-reddit-yelp,3.544,11.705,5.653,1.634,0.794-0.621-0.433,0.957-0.938-0.938
214,academic-reddit-yelp,3.490,11.795,5.613,1.632,0.807-0.738-0.469,0.96-0.936-0.94
215,academic-reddit-yelp,3.502,11.746,5.646,1.639,0.818-0.689-0.432,0.954-0.944-0.949
216,academic-reddit-yelp,3.492,11.700,5.646,1.693,0.729-0.723-0.436,0.959-0.939-0.949
217,academic-reddit-yelp,3.526,11.739,5.720,1.765,0.81-0.726-0.497,0.961-0.939-0.942
218,academic-reddit-yelp,3.505,11.743,5.659,1.636,0.824-0.668-0.473,0.957-0.945-0.943
219,academic-reddit-yelp,3.517,11.692,5.691,1.693,0.752-0.676-0.438,0.959-0.931-0.946
220,academic-reddit-yelp,3.514,11.703,5.714,1.667,0.763-0.692-0.456,0.965-0.931-0.947
221,academic-reddit-yelp,3.432,11.736,5.735,1.777,0.814-0.692-0.462,0.961-0.947-0.947
222,academic-reddit-yelp,3.508,11.664,5.566,1.653,0.816-0.741-0.543,0.958-0.946-0.948
223,academic-reddit-yelp,3.576,11.760,5.533,1.714,0.833-0.702-0.489,0.95-0.94-0.933
224,academic-reddit-yelp,3.513,11.737,5.456,1.666,0.83-0.702-0.439,0.963-0.935-0.951
225,academic-reddit-yelp,3.515,11.774,5.436,1.647,0.771-0.651-0.415,0.957-0.921-0.942
226,academic-reddit-yelp,3.516,11.787,5.503,1.650,0.822-0.664-0.457,0.952-0.936-0.953
227,academic-reddit-yelp,3.547,11.649,5.415,1.662,0.805-0.687-0.547,0.957-0.931-0.937
228,academic-reddit-yelp,3.555,11.726,5.441,1.606,0.841-0.687-0.502,0.95-0.937-0.944
229,academic-reddit-yelp,3.434,11.792,5.707,1.750,0.804-0.733-0.452,0.976-0.947-0.935
230,academic-reddit-yelp,3.489,11.711,5.456,1.612,0.844-0.739-0.509,0.962-0.938-0.94
231,academic-reddit-yelp,3.464,11.699,5.573,1.697,0.794-0.648-0.519,0.964-0.928-0.953
232,academic-reddit-yelp,3.461,11.726,5.419,1.663,0.81-0.719-0.476,0.966-0.948-0.953
233,academic-reddit-yelp,3.527,11.771,5.398,1.661,0.787-0.736-0.453,0.962-0.945-0.946
234,academic-reddit-yelp,3.451,11.631,5.383,1.676,0.812-0.752-0.463,0.96-0.946-0.954
235,academic-reddit-yelp,3.423,11.703,5.388,1.683,0.811-0.667-0.434,0.972-0.942-0.944
236,academic-reddit-yelp,3.574,11.690,5.366,1.605,0.837-0.705-0.448,0.957-0.935-0.949
237,academic-reddit-yelp,3.505,11.709,5.469,1.662,0.843-0.693-0.462,0.956-0.938-0.952
238,academic-reddit-yelp,3.473,11.671,5.396,1.616,0.782-0.699-0.455,0.965-0.945-0.95
239,academic-reddit-yelp,3.515,11.608,5.337,1.556,0.789-0.673-0.508,0.953-0.934-0.937
240,academic-reddit-yelp,3.488,11.669,5.369,1.565,0.806-0.678-0.476,0.962-0.94-0.932
241,academic-reddit-yelp,3.468,11.702,5.384,1.628,0.819-0.701-0.409,0.957-0.944-0.951
242,academic-reddit-yelp,3.442,11.630,5.367,1.597,0.801-0.719-0.456,0.962-0.946-0.942
243,academic-reddit-yelp,3.510,11.670,5.393,1.578,0.803-0.784-0.512,0.956-0.961-0.95
244,academic-reddit-yelp,3.532,11.716,5.453,1.680,0.796-0.65-0.431,0.955-0.929-0.942
245,academic-reddit-yelp,3.536,11.662,5.248,1.628,0.8-0.645-0.51,0.952-0.941-0.932
246,academic-reddit-yelp,3.524,11.742,5.270,1.597,0.778-0.683-0.46,0.959-0.918-0.95
247,academic-reddit-yelp,3.479,11.696,5.222,1.707,0.851-0.693-0.501,0.962-0.923-0.942
248,academic-reddit-yelp,3.528,11.642,5.253,1.575,0.76-0.72-0.473,0.964-0.928-0.942
249,academic-reddit-yelp,3.499,11.750,5.355,1.648,0.821-0.706-0.521,0.96-0.93-0.937
250,academic-reddit-yelp,3.545,11.689,5.294,1.618,0.804-0.665-0.479,0.964-0.929-0.939
251,academic-reddit-yelp,3.529,11.643,5.438,1.622,0.777-0.744-0.458,0.944-0.94-0.948
252,academic-reddit-yelp,3.492,11.706,5.407,1.704,0.778-0.654-0.44,0.966-0.924-0.943
253,academic-reddit-yelp,3.504,11.708,5.258,1.614,0.865-0.708-0.521,0.962-0.935-0.936
254,academic-reddit-yelp,3.512,11.704,5.207,1.591,0.797-0.709-0.537,0.961-0.945-0.945
255,academic-reddit-yelp,3.563,11.654,5.289,1.592,0.796-0.681-0.475,0.955-0.921-0.943
256,academic-reddit-yelp,3.531,11.728,5.257,1.582,0.802-0.67-0.483,0.961-0.934-0.942
257,academic-reddit-yelp,3.520,11.727,5.210,1.626,0.779-0.707-0.484,0.957-0.946-0.946
258,academic-reddit-yelp,3.514,11.758,5.177,1.612,0.724-0.695-0.415,0.964-0.931-0.944
259,academic-reddit-yelp,3.509,11.671,5.094,1.613,0.817-0.685-0.421,0.957-0.936-0.947
260,academic-reddit-yelp,3.513,11.706,5.157,1.596,0.786-0.717-0.458,0.959-0.939-0.943
261,academic-reddit-yelp,3.486,11.702,5.272,1.600,0.832-0.681-0.468,0.967-0.946-0.929
262,academic-reddit-yelp,3.528,11.715,5.254,1.599,0.783-0.679-0.493,0.956-0.937-0.943
263,academic-reddit-yelp,3.484,11.687,5.283,1.648,0.775-0.71-0.451,0.959-0.951-0.948
264,academic-reddit-yelp,3.503,11.738,5.183,1.537,0.818-0.729-0.52,0.961-0.926-0.944
265,academic-reddit-yelp,3.489,11.702,5.224,1.554,0.852-0.675-0.471,0.971-0.942-0.939
266,academic-reddit-yelp,3.506,11.752,5.219,1.497,0.836-0.584-0.478,0.957-0.939-0.945
267,academic-reddit-yelp,3.476,11.665,5.198,1.644,0.787-0.664-0.456,0.967-0.938-0.951
268,academic-reddit-yelp,3.483,11.706,5.105,1.553,0.789-0.701-0.461,0.968-0.949-0.938
269,academic-reddit-yelp,3.526,11.757,5.052,1.581,0.8-0.767-0.459,0.956-0.95-0.945
270,academic-reddit-yelp,3.535,11.799,4.954,1.486,0.771-0.667-0.434,0.953-0.943-0.948
271,academic-reddit-yelp,3.501,11.796,5.083,1.598,0.794-0.632-0.438,0.961-0.935-0.946
272,academic-reddit-yelp,3.459,11.752,5.054,1.590,0.755-0.714-0.462,0.97-0.94-0.937
273,academic-reddit-yelp,3.470,11.742,5.042,1.504,0.789-0.606-0.431,0.963-0.937-0.951
274,academic-reddit-yelp,3.537,11.698,5.088,1.579,0.763-0.676-0.494,0.958-0.942-0.945
275,academic-reddit-yelp,3.451,11.599,5.019,1.539,0.822-0.697-0.495,0.969-0.947-0.95
276,academic-reddit-yelp,3.444,11.676,5.164,1.649,0.838-0.695-0.442,0.978-0.922-0.945
277,academic-reddit-yelp,3.497,11.687,5.113,1.552,0.787-0.688-0.49,0.961-0.948-0.942
278,academic-reddit-yelp,3.456,11.719,5.012,1.531,0.806-0.701-0.456,0.965-0.933-0.944
279,academic-reddit-yelp,3.502,11.703,4.970,1.509,0.804-0.72-0.469,0.961-0.941-0.951
280,academic-reddit-yelp,3.508,11.715,4.968,1.523,0.853-0.728-0.514,0.957-0.943-0.948
281,academic-reddit-yelp,3.509,11.708,4.981,1.518,0.788-0.655-0.508,0.96-0.936-0.949
282,academic-reddit-yelp,3.426,11.633,4.934,1.627,0.794-0.679-0.458,0.965-0.946-0.952
283,academic-reddit-yelp,3.544,11.660,4.911,1.572,0.842-0.673-0.393,0.96-0.933-0.941
284,academic-reddit-yelp,3.551,11.650,5.017,1.576,0.812-0.659-0.446,0.955-0.943-0.944
285,academic-reddit-yelp,3.487,11.695,4.989,1.529,0.8-0.663-0.438,0.968-0.928-0.946
286,academic-reddit-yelp,3.490,11.706,5.098,1.468,0.773-0.616-0.428,0.956-0.942-0.944
287,academic-reddit-yelp,3.516,11.712,4.976,1.550,0.807-0.669-0.448,0.958-0.939-0.953
288,academic-reddit-yelp,3.550,11.632,5.043,1.582,0.852-0.721-0.406,0.95-0.953-0.947
289,academic-reddit-yelp,3.534,11.742,5.029,1.534,0.795-0.709-0.494,0.958-0.94-0.939
290,academic-reddit-yelp,3.491,11.664,4.915,1.508,0.767-0.69-0.471,0.966-0.926-0.947
291,academic-reddit-yelp,3.566,11.686,4.997,1.523,0.81-0.681-0.448,0.953-0.928-0.942
292,academic-reddit-yelp,3.455,11.766,4.946,1.571,0.79-0.696-0.492,0.966-0.935-0.944
293,academic-reddit-yelp,3.548,11.643,4.877,1.467,0.759-0.67-0.425,0.96-0.929-0.94
294,academic-reddit-yelp,3.495,11.704,4.917,1.447,0.777-0.692-0.482,0.959-0.94-0.947
295,academic-reddit-yelp,3.456,11.722,4.935,1.565,0.825-0.76-0.45,0.973-0.941-0.943
296,academic-reddit-yelp,3.493,11.689,4.988,1.601,0.744-0.648-0.452,0.959-0.943-0.95
297,academic-reddit-yelp,3.493,11.653,4.981,1.548,0.796-0.651-0.381,0.968-0.937-0.956
298,academic-reddit-yelp,3.488,11.618,4.917,1.479,0.8-0.697-0.478,0.961-0.937-0.943
299,academic-reddit-yelp,3.479,11.666,4.982,1.571,0.792-0.657-0.43,0.959-0.943-0.955
300,academic-reddit-yelp,3.557,11.666,5.013,1.518,0.824-0.649-0.493,0.949-0.926-0.942
301,academic-reddit-yelp,3.450,11.682,5.002,1.608,0.787-0.779-0.43,0.97-0.941-0.952
302,academic-reddit-yelp,3.468,11.696,5.046,1.573,0.817-0.757-0.512,0.965-0.958-0.951
303,academic-reddit-yelp,3.527,11.727,4.967,1.504,0.799-0.673-0.444,0.964-0.931-0.95
304,academic-reddit-yelp,3.495,11.649,4.956,1.571,0.794-0.656-0.416,0.968-0.929-0.95
305,academic-reddit-yelp,3.527,11.677,4.934,1.519,0.804-0.687-0.484,0.964-0.935-0.953
306,academic-reddit-yelp,3.455,11.603,4.936,1.574,0.816-0.722-0.437,0.972-0.94-0.946
307,academic-reddit-yelp,3.434,11.667,5.013,1.645,0.856-0.674-0.511,0.976-0.921-0.944
308,academic-reddit-yelp,3.556,11.719,4.916,1.519,0.814-0.685-0.454,0.955-0.942-0.953
309,academic-reddit-yelp,3.523,11.744,4.959,1.602,0.745-0.657-0.445,0.956-0.935-0.95
310,academic-reddit-yelp,3.484,11.729,4.921,1.531,0.761-0.7-0.433,0.962-0.945-0.948
311,academic-reddit-yelp,3.453,11.682,4.937,1.523,0.814-0.691-0.461,0.973-0.935-0.949
312,academic-reddit-yelp,3.508,11.632,4.939,1.483,0.797-0.697-0.467,0.961-0.933-0.947
313,academic-reddit-yelp,3.465,11.665,4.837,1.517,0.829-0.686-0.467,0.965-0.939-0.951
314,academic-reddit-yelp,3.528,11.645,4.908,1.471,0.856-0.677-0.475,0.95-0.937-0.95
315,academic-reddit-yelp,3.489,11.644,4.922,1.527,0.798-0.672-0.489,0.961-0.944-0.948
316,academic-reddit-yelp,3.457,11.665,4.898,1.537,0.807-0.728-0.47,0.957-0.948-0.956
317,academic-reddit-yelp,3.492,11.666,4.849,1.446,0.767-0.64-0.433,0.959-0.942-0.958
318,academic-reddit-yelp,3.494,11.710,4.833,1.486,0.78-0.729-0.407,0.958-0.947-0.954
319,academic-reddit-yelp,3.565,11.703,4.732,1.478,0.807-0.673-0.497,0.953-0.929-0.944
320,academic-reddit-yelp,3.517,11.615,4.822,1.487,0.843-0.718-0.491,0.966-0.938-0.944
321,academic-reddit-yelp,3.497,11.658,4.899,1.524,0.792-0.663-0.447,0.962-0.921-0.954
322,academic-reddit-yelp,3.529,11.753,4.880,1.472,0.835-0.664-0.438,0.956-0.936-0.95
323,academic-reddit-yelp,3.447,11.724,4.810,1.486,0.808-0.656-0.407,0.968-0.945-0.955
324,academic-reddit-yelp,3.450,11.623,4.826,1.599,0.829-0.677-0.472,0.971-0.939-0.958
325,academic-reddit-yelp,3.503,11.692,4.850,1.460,0.781-0.687-0.468,0.963-0.923-0.956
