0,product-yelp-reddit,8.302,15.137,100.176,23.710,0.671-0.664-0.763,0.667-0.614-0.77
1,product-yelp-reddit,7.072,14.039,104.425,25.091,0.702-0.681-0.707,0.747-0.663-0.723
2,product-yelp-reddit,8.015,13.718,106.794,27.734,0.702-0.667-0.714,0.715-0.622-0.725
3,product-yelp-reddit,7.684,13.610,108.004,27.768,0.718-0.617-0.697,0.746-0.579-0.715
4,product-yelp-reddit,5.909,13.542,109.035,30.402,0.696-0.688-0.691,0.741-0.715-0.788
5,product-yelp-reddit,5.692,13.371,108.220,30.126,0.709-0.664-0.781,0.772-0.648-0.788
6,product-yelp-reddit,5.236,13.408,107.115,29.789,0.704-0.71-0.782,0.731-0.673-0.837
7,product-yelp-reddit,6.482,13.274,105.598,30.095,0.676-0.678-0.735,0.664-0.689-0.727
8,product-yelp-reddit,5.491,13.189,103.657,29.443,0.709-0.613-0.761,0.761-0.65-0.84
9,product-yelp-reddit,5.283,13.147,101.439,28.889,0.715-0.676-0.706,0.75-0.701-0.731
10,product-yelp-reddit,5.027,13.076,99.458,28.667,0.709-0.686-0.747,0.791-0.728-0.782
11,product-yelp-reddit,5.042,13.140,97.427,27.491,0.668-0.619-0.741,0.73-0.658-0.782
12,product-yelp-reddit,5.399,12.969,95.417,27.312,0.732-0.675-0.696,0.788-0.718-0.779
13,product-yelp-reddit,4.585,13.102,93.498,26.444,0.687-0.718-0.727,0.772-0.772-0.809
14,product-yelp-reddit,4.546,12.863,91.439,25.902,0.676-0.613-0.829,0.738-0.69-0.892
15,product-yelp-reddit,4.614,12.966,89.343,24.659,0.787-0.685-0.745,0.82-0.725-0.765
16,product-yelp-reddit,4.598,12.858,87.289,24.611,0.709-0.665-0.791,0.723-0.656-0.814
17,product-yelp-reddit,4.163,12.899,85.307,23.546,0.707-0.608-0.726,0.824-0.76-0.809
18,product-yelp-reddit,4.615,12.778,83.370,22.864,0.729-0.679-0.721,0.752-0.705-0.76
19,product-yelp-reddit,4.346,12.780,81.467,21.401,0.669-0.709-0.71,0.723-0.715-0.774
20,product-yelp-reddit,4.200,12.799,79.733,21.102,0.698-0.668-0.767,0.793-0.766-0.844
21,product-yelp-reddit,4.176,12.740,78.081,20.072,0.752-0.754-0.705,0.761-0.778-0.728
22,product-yelp-reddit,4.509,12.694,76.375,21.174,0.727-0.695-0.756,0.709-0.634-0.771
23,product-yelp-reddit,4.478,12.613,74.546,20.546,0.738-0.614-0.751,0.736-0.545-0.736
24,product-yelp-reddit,4.486,12.573,72.805,19.923,0.715-0.612-0.795,0.709-0.552-0.84
25,product-yelp-reddit,4.464,12.490,71.045,19.164,0.687-0.709-0.693,0.729-0.713-0.739
26,product-yelp-reddit,4.121,12.585,69.289,17.940,0.739-0.727-0.714,0.737-0.725-0.744
27,product-yelp-reddit,4.341,12.550,67.853,17.970,0.692-0.672-0.709,0.72-0.685-0.769
28,product-yelp-reddit,4.124,12.545,66.608,18.021,0.779-0.673-0.743,0.837-0.68-0.783
29,product-yelp-reddit,4.087,12.638,65.201,17.340,0.746-0.652-0.752,0.782-0.768-0.876
30,product-yelp-reddit,4.195,12.602,63.887,16.831,0.749-0.603-0.726,0.76-0.744-0.817
31,product-yelp-reddit,4.020,12.567,62.371,16.636,0.729-0.738-0.754,0.789-0.83-0.88
32,product-yelp-reddit,3.928,12.473,61.027,16.509,0.769-0.651-0.786,0.871-0.712-0.85
33,product-yelp-reddit,3.800,12.338,59.670,16.125,0.721-0.737-0.772,0.898-0.871-0.883
34,product-yelp-reddit,3.774,12.427,58.355,15.412,0.74-0.682-0.723,0.901-0.884-0.905
35,product-yelp-reddit,3.911,12.444,57.271,14.164,0.699-0.66-0.775,0.805-0.719-0.838
36,product-yelp-reddit,3.801,12.391,55.548,14.614,0.756-0.732-0.768,0.885-0.895-0.89
37,product-yelp-reddit,3.893,12.381,54.164,13.878,0.615-0.741-0.748,0.808-0.866-0.893
38,product-yelp-reddit,3.991,12.311,52.729,13.659,0.685-0.62-0.695,0.797-0.742-0.81
39,product-yelp-reddit,3.872,12.319,51.630,13.405,0.752-0.703-0.726,0.883-0.852-0.893
40,product-yelp-reddit,3.848,12.433,50.403,13.291,0.745-0.674-0.716,0.894-0.828-0.862
41,product-yelp-reddit,3.898,12.369,49.077,12.502,0.705-0.643-0.685,0.835-0.848-0.866
42,product-yelp-reddit,3.783,12.349,47.922,12.736,0.758-0.649-0.747,0.895-0.847-0.881
43,product-yelp-reddit,3.862,12.282,46.791,11.736,0.742-0.647-0.681,0.909-0.844-0.869
44,product-yelp-reddit,3.817,12.327,45.785,11.738,0.768-0.634-0.74,0.91-0.804-0.9
45,product-yelp-reddit,3.784,12.312,45.007,11.172,0.731-0.746-0.79,0.896-0.894-0.921
46,product-yelp-reddit,3.769,12.420,44.302,11.233,0.706-0.65-0.729,0.916-0.859-0.908
47,product-yelp-reddit,3.826,12.215,43.382,10.833,0.701-0.796-0.752,0.898-0.867-0.875
48,product-yelp-reddit,3.674,12.348,43.060,11.523,0.866-0.759-0.744,0.955-0.87-0.893
49,product-yelp-reddit,3.822,12.421,41.809,10.726,0.783-0.609-0.672,0.905-0.853-0.879
50,product-yelp-reddit,3.861,12.332,41.113,10.008,0.771-0.641-0.728,0.907-0.871-0.893
51,product-yelp-reddit,3.837,12.301,40.126,9.934,0.782-0.693-0.756,0.904-0.825-0.886
52,product-yelp-reddit,3.884,12.249,39.899,9.354,0.784-0.644-0.693,0.869-0.834-0.893
53,product-yelp-reddit,3.826,12.322,38.667,9.581,0.712-0.717-0.686,0.849-0.842-0.896
54,product-yelp-reddit,3.843,12.245,37.877,9.276,0.749-0.638-0.648,0.891-0.793-0.876
55,product-yelp-reddit,3.802,12.236,37.345,9.004,0.74-0.705-0.699,0.92-0.861-0.895
56,product-yelp-reddit,3.767,12.179,36.599,8.870,0.758-0.697-0.685,0.953-0.869-0.907
57,product-yelp-reddit,3.831,12.253,35.983,8.793,0.792-0.697-0.711,0.912-0.833-0.899
58,product-yelp-reddit,3.855,12.228,35.412,8.016,0.699-0.605-0.733,0.862-0.854-0.895
59,product-yelp-reddit,3.822,12.175,34.748,8.632,0.7-0.678-0.705,0.911-0.828-0.879
60,product-yelp-reddit,3.771,12.284,34.361,8.378,0.768-0.736-0.746,0.895-0.855-0.899
61,product-yelp-reddit,3.807,12.152,34.149,8.167,0.722-0.628-0.747,0.902-0.845-0.903
62,product-yelp-reddit,3.693,12.197,33.642,8.588,0.761-0.662-0.751,0.942-0.848-0.906
63,product-yelp-reddit,3.747,12.173,33.252,8.526,0.768-0.704-0.699,0.94-0.841-0.868
64,product-yelp-reddit,3.759,12.222,32.789,7.899,0.715-0.706-0.682,0.89-0.869-0.914
65,product-yelp-reddit,3.748,12.190,31.838,7.980,0.763-0.699-0.679,0.908-0.826-0.901
66,product-yelp-reddit,3.764,12.174,31.161,7.699,0.747-0.671-0.719,0.917-0.853-0.877
67,product-yelp-reddit,3.638,12.130,30.347,7.786,0.803-0.625-0.764,0.926-0.866-0.895
68,product-yelp-reddit,3.752,12.214,29.826,7.104,0.65-0.692-0.748,0.903-0.875-0.919
69,product-yelp-reddit,3.558,12.222,28.841,7.438,0.806-0.723-0.75,0.943-0.918-0.904
70,product-yelp-reddit,3.696,12.180,28.061,6.963,0.708-0.664-0.744,0.914-0.858-0.92
71,product-yelp-reddit,3.646,12.170,27.493,6.920,0.754-0.638-0.693,0.945-0.884-0.901
72,product-yelp-reddit,3.697,12.114,26.951,6.675,0.749-0.67-0.688,0.907-0.899-0.894
73,product-yelp-reddit,3.548,12.124,26.166,6.787,0.805-0.742-0.71,0.947-0.9-0.911
74,product-yelp-reddit,3.650,12.156,25.487,6.868,0.764-0.624-0.701,0.933-0.885-0.904
75,product-yelp-reddit,3.678,12.207,24.865,6.677,0.791-0.67-0.675,0.942-0.864-0.889
76,product-yelp-reddit,3.560,12.024,24.170,6.205,0.775-0.648-0.726,0.953-0.902-0.904
77,product-yelp-reddit,3.561,12.173,23.624,5.955,0.764-0.67-0.66,0.943-0.893-0.915
78,product-yelp-reddit,3.573,12.110,23.045,5.822,0.804-0.692-0.702,0.966-0.913-0.905
79,product-yelp-reddit,3.414,12.134,22.645,6.373,0.847-0.676-0.695,0.967-0.907-0.895
80,product-yelp-reddit,3.522,12.229,21.221,5.462,0.794-0.644-0.661,0.959-0.924-0.922
81,product-yelp-reddit,3.523,12.198,20.651,5.370,0.814-0.601-0.733,0.971-0.926-0.917
82,product-yelp-reddit,3.579,12.115,20.357,5.414,0.789-0.593-0.729,0.959-0.901-0.915
83,product-yelp-reddit,3.533,12.115,19.853,5.117,0.816-0.648-0.631,0.969-0.919-0.9
84,product-yelp-reddit,3.539,12.153,19.468,4.598,0.758-0.656-0.679,0.967-0.914-0.912
85,product-yelp-reddit,3.553,12.108,19.028,4.818,0.767-0.616-0.704,0.955-0.902-0.903
86,product-yelp-reddit,3.479,12.185,18.694,4.731,0.82-0.621-0.63,0.972-0.917-0.917
87,product-yelp-reddit,3.551,12.124,17.850,4.428,0.791-0.588-0.691,0.963-0.889-0.931
88,product-yelp-reddit,3.505,12.116,16.815,4.643,0.698-0.583-0.668,0.961-0.928-0.934
89,product-yelp-reddit,3.577,12.137,16.828,4.487,0.746-0.58-0.732,0.966-0.912-0.922
90,product-yelp-reddit,3.420,12.070,16.645,4.739,0.792-0.592-0.772,0.971-0.924-0.927
91,product-yelp-reddit,3.418,12.121,15.778,4.263,0.817-0.589-0.724,0.975-0.932-0.929
92,product-yelp-reddit,3.367,12.092,16.223,5.653,0.941-0.58-0.701,0.978-0.9-0.928
93,product-yelp-reddit,3.480,12.051,15.012,4.037,0.834-0.57-0.722,0.977-0.923-0.932
94,product-yelp-reddit,3.441,12.107,14.483,3.832,0.829-0.659-0.642,0.973-0.927-0.925
95,product-yelp-reddit,3.708,12.130,14.114,3.893,0.744-0.52-0.66,0.93-0.92-0.934
96,product-yelp-reddit,3.457,12.253,13.779,3.303,0.82-0.59-0.682,0.978-0.921-0.933
97,product-yelp-reddit,3.391,12.078,13.555,4.112,0.865-0.664-0.721,0.979-0.919-0.93
98,product-yelp-reddit,3.514,12.066,14.015,3.586,0.791-0.578-0.682,0.979-0.906-0.932
99,product-yelp-reddit,3.435,12.055,13.456,3.550,0.784-0.578-0.663,0.973-0.933-0.943
100,product-yelp-reddit,3.523,12.145,13.253,3.695,0.659-0.616-0.689,0.966-0.917-0.934
101,product-yelp-reddit,3.367,12.193,13.265,3.698,0.827-0.578-0.773,0.972-0.916-0.941
102,product-yelp-reddit,3.487,11.975,13.143,3.597,0.78-0.535-0.769,0.977-0.931-0.929
103,product-yelp-reddit,3.427,12.039,12.365,3.623,0.805-0.571-0.613,0.973-0.928-0.935
104,product-yelp-reddit,3.525,12.064,12.671,3.118,0.796-0.547-0.691,0.977-0.923-0.922
105,product-yelp-reddit,3.555,12.082,12.533,3.840,0.646-0.574-0.585,0.961-0.936-0.933
106,product-yelp-reddit,3.522,12.029,12.211,3.236,0.782-0.569-0.657,0.978-0.943-0.94
107,product-yelp-reddit,3.606,12.064,12.280,2.972,0.679-0.594-0.669,0.94-0.939-0.94
108,product-yelp-reddit,3.653,12.101,12.489,3.491,0.71-0.52-0.682,0.935-0.93-0.949
109,product-yelp-reddit,3.479,12.106,11.619,3.479,0.802-0.578-0.699,0.977-0.935-0.935
110,product-yelp-reddit,3.399,11.981,11.396,3.386,0.786-0.58-0.716,0.972-0.944-0.935
111,product-yelp-reddit,3.481,12.090,11.187,3.239,0.746-0.552-0.691,0.972-0.931-0.938
112,product-yelp-reddit,3.400,12.030,10.983,3.304,0.846-0.61-0.665,0.98-0.939-0.931
113,product-yelp-reddit,3.440,12.172,10.562,3.155,0.854-0.558-0.736,0.979-0.916-0.943
114,product-yelp-reddit,3.407,12.041,10.974,3.149,0.755-0.521-0.742,0.98-0.936-0.948
115,product-yelp-reddit,3.374,12.057,10.692,2.986,0.809-0.58-0.712,0.979-0.943-0.939
116,product-yelp-reddit,3.434,11.978,10.612,2.866,0.798-0.612-0.676,0.978-0.943-0.932
117,product-yelp-reddit,3.427,12.034,10.649,3.454,0.861-0.599-0.713,0.983-0.921-0.937
118,product-yelp-reddit,3.429,11.974,10.404,3.146,0.804-0.555-0.671,0.975-0.941-0.93
119,product-yelp-reddit,3.482,12.044,10.802,3.158,0.79-0.588-0.707,0.982-0.951-0.942
120,product-yelp-reddit,3.461,12.027,10.382,3.060,0.758-0.523-0.739,0.972-0.929-0.958
121,product-yelp-reddit,3.473,12.042,10.617,2.947,0.776-0.606-0.728,0.972-0.934-0.936
122,product-yelp-reddit,3.421,11.962,10.012,2.771,0.803-0.594-0.667,0.976-0.935-0.942
123,product-yelp-reddit,3.453,11.931,10.002,2.694,0.783-0.606-0.7,0.974-0.943-0.94
124,product-yelp-reddit,3.318,11.912,10.732,4.098,0.907-0.533-0.726,0.975-0.945-0.937
125,product-yelp-reddit,3.434,12.104,10.154,2.826,0.802-0.576-0.666,0.977-0.953-0.931
126,product-yelp-reddit,3.319,11.992,10.245,3.141,0.798-0.519-0.737,0.981-0.949-0.932
127,product-yelp-reddit,3.371,12.000,9.932,2.968,0.784-0.463-0.748,0.977-0.944-0.949
128,product-yelp-reddit,3.452,11.988,9.692,2.765,0.82-0.567-0.68,0.977-0.945-0.943
129,product-yelp-reddit,3.378,12.004,10.188,3.171,0.855-0.479-0.719,0.987-0.944-0.941
130,product-yelp-reddit,3.455,12.011,9.813,2.948,0.814-0.543-0.71,0.976-0.94-0.938
131,product-yelp-reddit,3.521,11.997,9.582,2.725,0.75-0.535-0.61,0.981-0.952-0.944
132,product-yelp-reddit,3.383,12.031,9.628,2.922,0.815-0.513-0.672,0.982-0.937-0.945
133,product-yelp-reddit,3.456,12.013,9.319,2.593,0.793-0.498-0.646,0.976-0.946-0.933
134,product-yelp-reddit,3.404,12.060,9.531,2.948,0.846-0.573-0.749,0.983-0.941-0.929
135,product-yelp-reddit,3.465,11.986,9.413,3.027,0.8-0.496-0.692,0.982-0.934-0.944
136,product-yelp-reddit,3.406,11.968,9.044,2.998,0.748-0.53-0.643,0.982-0.949-0.944
137,product-yelp-reddit,3.427,11.924,8.900,3.017,0.811-0.529-0.742,0.983-0.944-0.944
138,product-yelp-reddit,3.437,12.135,9.084,3.093,0.754-0.536-0.745,0.978-0.94-0.947
139,product-yelp-reddit,3.482,11.984,9.649,2.490,0.836-0.459-0.635,0.981-0.942-0.943
140,product-yelp-reddit,3.370,11.970,9.089,2.741,0.82-0.617-0.765,0.98-0.949-0.951
141,product-yelp-reddit,3.497,12.002,9.850,2.605,0.83-0.575-0.703,0.976-0.95-0.942
142,product-yelp-reddit,3.449,12.017,9.227,2.714,0.808-0.576-0.666,0.981-0.937-0.945
143,product-yelp-reddit,3.454,12.057,9.024,2.803,0.752-0.586-0.686,0.975-0.943-0.946
144,product-yelp-reddit,3.396,11.908,8.777,3.180,0.79-0.497-0.626,0.982-0.951-0.93
145,product-yelp-reddit,3.420,12.008,8.553,3.039,0.826-0.544-0.712,0.978-0.938-0.933
146,product-yelp-reddit,3.453,12.065,8.320,2.570,0.807-0.52-0.664,0.982-0.942-0.939
147,product-yelp-reddit,3.395,11.950,8.762,3.343,0.833-0.519-0.635,0.974-0.948-0.941
148,product-yelp-reddit,3.383,12.008,8.637,2.910,0.832-0.542-0.688,0.982-0.954-0.941
149,product-yelp-reddit,3.452,12.038,8.626,2.820,0.756-0.513-0.702,0.979-0.945-0.941
150,product-yelp-reddit,3.392,11.971,8.595,2.730,0.806-0.496-0.606,0.977-0.948-0.942
151,product-yelp-reddit,3.353,11.994,8.907,3.207,0.844-0.666-0.729,0.971-0.95-0.938
152,product-yelp-reddit,3.415,11.931,8.234,2.575,0.777-0.459-0.675,0.981-0.953-0.94
153,product-yelp-reddit,3.416,12.034,8.744,2.585,0.782-0.564-0.7,0.979-0.944-0.951
154,product-yelp-reddit,3.404,11.918,8.754,2.680,0.794-0.484-0.619,0.981-0.951-0.941
155,product-yelp-reddit,3.525,11.936,8.628,2.535,0.787-0.498-0.732,0.976-0.942-0.952
156,product-yelp-reddit,3.510,12.000,8.770,2.509,0.793-0.557-0.717,0.977-0.941-0.945
157,product-yelp-reddit,3.406,11.968,8.345,2.883,0.824-0.587-0.716,0.979-0.948-0.937
158,product-yelp-reddit,3.454,11.903,8.340,2.812,0.832-0.543-0.686,0.98-0.937-0.937
159,product-yelp-reddit,3.516,12.061,8.365,2.509,0.726-0.542-0.7,0.971-0.944-0.946
160,product-yelp-reddit,3.470,11.943,8.559,3.102,0.787-0.529-0.743,0.98-0.94-0.945
161,product-yelp-reddit,3.441,11.964,8.131,2.425,0.705-0.496-0.663,0.975-0.951-0.954
162,product-yelp-reddit,3.418,11.993,8.400,2.495,0.828-0.505-0.62,0.982-0.938-0.945
163,product-yelp-reddit,3.400,11.912,8.380,2.681,0.865-0.585-0.768,0.979-0.933-0.945
164,product-yelp-reddit,3.390,11.961,8.381,2.780,0.812-0.5-0.658,0.978-0.946-0.941
165,product-yelp-reddit,3.415,11.971,8.227,3.015,0.811-0.501-0.634,0.982-0.94-0.951
166,product-yelp-reddit,3.342,11.871,8.695,3.279,0.881-0.484-0.642,0.981-0.936-0.939
167,product-yelp-reddit,3.494,11.946,8.317,2.589,0.792-0.574-0.688,0.975-0.945-0.942
168,product-yelp-reddit,3.328,11.937,8.394,3.169,0.821-0.494-0.66,0.981-0.948-0.943
169,product-yelp-reddit,3.516,11.921,8.557,2.525,0.754-0.502-0.606,0.981-0.944-0.947
170,product-yelp-reddit,3.374,12.073,8.032,2.937,0.788-0.512-0.699,0.973-0.947-0.954
171,product-yelp-reddit,3.392,11.866,8.030,2.833,0.77-0.464-0.651,0.978-0.947-0.941
172,product-yelp-reddit,3.429,11.960,7.893,2.728,0.737-0.529-0.648,0.972-0.951-0.944
173,product-yelp-reddit,3.379,11.866,7.762,2.876,0.81-0.441-0.72,0.982-0.944-0.952
174,product-yelp-reddit,3.565,11.902,8.209,2.435,0.78-0.537-0.682,0.965-0.937-0.943
175,product-yelp-reddit,3.373,12.074,7.900,2.596,0.802-0.508-0.664,0.983-0.946-0.953
176,product-yelp-reddit,3.388,11.964,7.793,2.613,0.808-0.564-0.711,0.982-0.948-0.953
177,product-yelp-reddit,3.410,11.948,8.131,2.658,0.803-0.583-0.707,0.98-0.954-0.951
178,product-yelp-reddit,3.486,11.951,8.277,2.404,0.844-0.476-0.681,0.98-0.948-0.933
179,product-yelp-reddit,3.367,11.908,8.280,2.532,0.767-0.517-0.672,0.982-0.958-0.952
180,product-yelp-reddit,3.451,12.060,8.134,2.523,0.776-0.513-0.718,0.981-0.946-0.947
181,product-yelp-reddit,3.309,11.917,8.868,4.262,0.933-0.447-0.673,0.978-0.94-0.941
182,product-yelp-reddit,3.371,11.923,7.954,3.156,0.832-0.48-0.755,0.981-0.946-0.943
183,product-yelp-reddit,3.398,11.922,8.039,2.707,0.749-0.471-0.641,0.979-0.948-0.94
184,product-yelp-reddit,3.438,11.906,7.587,2.690,0.833-0.488-0.644,0.984-0.946-0.937
185,product-yelp-reddit,3.371,11.897,8.025,3.218,0.862-0.515-0.623,0.983-0.954-0.941
186,product-yelp-reddit,3.523,12.007,7.972,2.626,0.734-0.571-0.695,0.978-0.925-0.938
187,product-yelp-reddit,3.573,11.957,8.151,2.869,0.876-0.561-0.637,0.973-0.935-0.942
188,product-yelp-reddit,3.376,11.974,7.996,2.678,0.805-0.474-0.633,0.982-0.953-0.948
189,product-yelp-reddit,3.490,11.979,8.047,2.571,0.774-0.471-0.678,0.978-0.95-0.936
190,product-yelp-reddit,3.383,11.916,7.675,2.791,0.839-0.493-0.695,0.985-0.951-0.949
191,product-yelp-reddit,3.280,11.894,7.469,3.251,0.846-0.43-0.691,0.983-0.956-0.946
192,product-yelp-reddit,3.377,11.920,7.614,2.616,0.769-0.464-0.649,0.983-0.951-0.946
193,product-yelp-reddit,3.409,11.924,7.774,2.403,0.803-0.562-0.695,0.979-0.947-0.95
194,product-yelp-reddit,3.469,12.032,7.692,2.575,0.816-0.474-0.621,0.983-0.943-0.937
195,product-yelp-reddit,3.439,11.902,7.775,2.360,0.79-0.503-0.674,0.981-0.955-0.943
196,product-yelp-reddit,3.432,11.911,7.910,2.531,0.794-0.451-0.589,0.983-0.944-0.935
197,product-yelp-reddit,3.469,11.965,7.784,2.337,0.602-0.468-0.659,0.969-0.949-0.948
198,product-yelp-reddit,3.517,11.995,7.861,2.586,0.789-0.497-0.656,0.977-0.941-0.945
199,product-yelp-reddit,3.490,11.920,7.910,2.615,0.711-0.458-0.684,0.974-0.952-0.948
200,product-yelp-reddit,3.526,12.001,7.718,2.569,0.765-0.53-0.603,0.972-0.939-0.938
201,product-yelp-reddit,3.449,12.084,7.701,2.693,0.812-0.528-0.667,0.979-0.945-0.947
202,product-yelp-reddit,3.412,11.927,7.534,2.647,0.802-0.533-0.597,0.98-0.946-0.945
203,product-yelp-reddit,3.399,11.981,7.655,2.636,0.813-0.524-0.686,0.981-0.952-0.947
204,product-yelp-reddit,3.415,11.898,7.520,2.790,0.793-0.511-0.673,0.977-0.951-0.946
205,product-yelp-reddit,3.518,11.935,7.560,2.366,0.663-0.517-0.647,0.972-0.948-0.945
206,product-yelp-reddit,3.405,11.940,7.439,2.957,0.781-0.469-0.611,0.979-0.954-0.944
207,product-yelp-reddit,3.405,11.955,7.334,2.807,0.777-0.538-0.693,0.975-0.945-0.946
208,product-yelp-reddit,3.502,11.868,7.994,2.633,0.798-0.516-0.666,0.978-0.952-0.947
209,product-yelp-reddit,3.438,11.922,7.523,2.711,0.771-0.455-0.663,0.982-0.949-0.935
210,product-yelp-reddit,3.488,11.884,7.589,2.793,0.74-0.44-0.666,0.98-0.947-0.953
211,product-yelp-reddit,3.392,11.886,7.669,2.634,0.763-0.46-0.639,0.983-0.954-0.95
